,MAC,TotalTimePlaying,# of days
0,B046FCA6A074,0.0,499
1,B046FCA6A27E,75385.50000000004,406
2,B046FCA6A450,34994.1,214
3,B046FCA6A47D,8822.399999999998,532
4,B046FCA6A4F6,352161.89999999985,538
5,B046FCA6A58E,16978.199999999993,622
6,B046FCA6A675,62224.20000000001,64
7,B046FCA6A684,5791.8,4
8,B046FCA6A6F0,0.0,610
9,B046FCA6A7D7,28486.50000000001,597
10,B046FCA6A800,8757.3,545
11,B046FCA6A8AE,78471.00000000003,621
12,B046FCA6A928,0.0,587
13,B046FCA6AA28,11341.5,435
14,B046FCA6AA45,34394.700000000004,604
15,B046FCA6AB58,0.0,509
16,B046FCA6ABC9,46644.3,643
17,B046FCA6ABCA,1196.7,616
18,B046FCA6AD0E,2893.8,603
19,B046FCA6ADC5,30964.5,595
20,B046FCA6AE9B,63601.200000000026,630
21,B046FCA6AF7A,9662.999999999998,602
22,B046FCA6AFB8,8250.0,551
23,B046FCA6B0F7,66542.09999999999,381
24,B046FCA6B12C,7194.9,608
25,B046FCA6B160,36469.2,32
26,B046FCA6B216,152039.1,608
27,B046FCA6F096,2639.7000000000007,16
28,B046FCA7B750,35249.10000000001,550
29,B046FCA7B801,30760.8,554
30,B046FCA7B852,200934.3,543
31,B046FCA7B999,6161.1,473
32,B046FCA7B99A,66667.5,266
33,B046FCA7BA27,98419.8,534
34,B046FCA7BCB5,12661.8,504
35,B046FCA7BDF0,0.0,575
36,B046FCA7BF1C,9141.6,487
37,B046FCA7C1E9,0.0,553
38,B046FCA7C243,63.6,462
39,B046FCA7C251,2049.0,557
40,B046FCA7C32E,101865.60000000003,559
41,B046FCA7C34C,5591.7,510
42,B046FCA7C574,20212.5,527
43,B046FCA7C5B3,6274.5,976
44,B046FCA7C5EE,40835.1,507
45,B046FCA7C5EF,21942.0,512
46,B046FCA7C70C,42249.599999999984,557
47,B046FCA7C7A2,85691.69999999997,562
48,B046FCA7C823,105340.5,556
49,B046FCA7C881,135847.5,490
50,B046FCA7C974,102832.8,554
51,B046FCA7CA69,28932.9,560
52,B046FCA7CA86,14668.5,569
53,B046FCA85F41,23192.4,522
54,B046FCA85F7E,70141.20000000001,534
55,B046FCA86066,478.5,302
56,B046FCA860BC,1785.3,66
57,B046FCA860CC,236271.9,480
58,B046FCA862C8,15955.2,466
59,B046FCA862DF,0.0,525
60,B046FCA863C9,6471.9,506
61,B046FCA86510,27231.3,506
62,B046FCA86530,0.0,508
63,B046FCA865A8,136742.10000000006,528
64,B046FCA86716,32370.000000000015,538
65,B046FCA868CA,70121.10000000003,531
66,B046FCA8693E,68979.6,512
67,B046FCA8697A,1231.2,237
68,B046FCA86A56,89931.90000000005,508
69,B046FCA86AE2,64004.400000000016,504
70,B046FCA86B55,12894.3,508
71,B046FCA86BF0,57691.49999999999,536
72,B046FCA86C3D,2470.2,505
73,B046FCA86C5A,69471.0,511
74,B046FCA86D3A,15689.1,545
75,B046FCA86DE2,20376.0,528
76,B046FCA86E0E,13973.399999999998,387
77,B046FCA92220,4501.8,460
78,B046FCA9223C,7081.5,458
79,B046FCA92264,1471.8,516
80,B046FCA9230C,234224.4000000001,532
81,B046FCA923E2,31475.1,514
82,B046FCA95D00,72732.90000000001,776
83,B046FCA95D96,75130.50000000003,492
84,B046FCA95DB5,63757.2,489
85,B046FCA95E67,106161.9,503
86,B046FCA95E92,144234.2999999999,492
87,B046FCA97770,55984.8,436
88,B046FCA978B9,46439.99999999999,131
89,B046FCA978F4,2266.5,261
90,B046FCA9797E,0.0,502
91,B046FCA97980,10.5,502
92,B046FCA979D4,0.0,510
93,B046FCA97A77,98423.9999999999,508
94,B046FCA97AA1,902.4,485
95,B046FCA97C27,17253.3,497
96,B046FCA97C68,191492.7,476
97,B046FCA97CCE,115833.3,500
98,B046FCA97D1D,122785.2,231
99,B046FCA97D7E,34792.5,478
100,B046FCA97F5F,18528.3,490
101,B046FCA97FCC,0.0,480
102,B046FCA97FE7,58215.0,485
103,B046FCA98079,41834.1,494
104,B046FCA980B7,2481.3,485
105,B046FCA980ED,28175.4,494
106,B046FCA98109,0.0,464
107,B046FCA981B6,13510.2,0
108,B046FCA9829E,0.0,488
109,B046FCA982F8,52824.6,473
110,B046FCA9836E,60446.40000000001,437
111,B046FCA98458,728.0999999999998,500
112,B046FCA984F2,79797.60000000003,483
113,B046FCA98507,25753.2,499
114,B046FCA98571,83334.90000000001,473
115,B046FCA98683,20592.0,479
116,B046FCA98769,29404.799999999992,474
117,B046FCA98799,5224.5,399
118,B046FCA9881A,29058.299999999992,462
119,B046FCA988A7,162431.39999999994,413
120,B046FCA988C7,983.7,170
121,B046FCA98934,4345.5,470
122,B046FCA98BD6,76797.59999999999,477
123,B046FCA98C13,117526.80000000002,312
124,B046FCA98D2F,0.0,509
125,B046FCA98E44,14016.6,504
126,B046FCA99179,23479.5,463
127,B046FCA9923D,53415.0,506
128,B046FCA992D2,25429.5,507
129,B046FCA9937B,64113.9,501
130,B046FCA994AB,76560.3,499
131,B046FCA995F5,0.0,475
132,B046FCA99674,48820.8,504
133,B046FCA997F4,47885.99999999998,487
134,B046FCA99896,720.9,529
135,B046FCA999B9,40935.60000000001,496
136,B046FCA99B0C,40064.4,476
137,B046FCA99B5D,140961.60000000006,96
138,B046FCAA0110,32547.9,474
139,B046FCAA036A,0.0,32
140,B046FCAA0398,115254.90000000002,460
141,B046FCAA0430,3200.4,437
142,B046FCAA047B,26310.9,481
143,B046FCAA0535,127879.80000000002,431
144,B046FCAA0566,6043.800000000001,431
145,B046FCAA0892,80617.8,423
146,B046FCAA093A,1680.9,459
147,B046FCAA09A6,71670.29999999999,154
148,B046FCAA0AA2,96870.6,465
149,B046FCAA0BA7,31770.899999999994,464
150,B046FCAA0C13,5847.0,465
151,B046FCAA0CB8,15137.1,474
152,B046FCAA0EF2,105632.69999999997,448
153,B046FCAA0F1B,7979.700000000002,449
154,B046FCAA0FD3,0.0,422
155,B046FCAA124F,55406.10000000001,479
156,B046FCAA12B2,10068.3,465
157,B046FCAA12C9,23943.3,440
158,B046FCAA13EB,51882.60000000001,420
159,B046FCAA141C,33427.2,422
160,B046FCAA1452,114212.4,427
161,B046FCAA14FD,1122.3,427
162,B046FCAA1546,4330.5,446
163,B046FCAA1564,2229.0,420
164,B046FCAA1621,44277.00000000001,455
165,B046FCAA1659,143077.8,495
166,B046FCAA173E,9422.4,443
167,B046FCAA174F,0.0,422
168,B046FCAA18E9,136543.8,449
169,B046FCAA192F,113909.1,424
170,B046FCAA193C,83532.59999999998,451
171,B046FCAA1959,2170.2,385
172,B046FCAA1C30,0.0,405
173,B046FCAA1C39,14531.399999999998,430
174,B046FCAA1C7D,205406.4,443
175,B046FCAA1F01,50569.49999999999,361
176,B046FCAA1F4D,16002.600000000002,379
177,B046FCAA1F73,4480.2,466
178,B046FCAA2002,34957.8,468
179,B046FCAA2048,22080.899999999994,464
180,B046FCAA20DA,44576.4,468
181,B046FCAA2111,0.0,475
182,B046FCAA2180,0.0,479
183,B046FCAA253A,0.0,464
184,B046FCAA27B9,0.0,399
185,B046FCAA5FFB,1626.6,451
186,B046FCAAF792,8345.4,462
187,B046FCAAF97A,39850.500000000015,472
188,B046FCAAF9C4,47079.6,453
189,B046FCAAFA40,41192.4,453
190,B046FCAAFA8B,116938.20000000006,450
191,B046FCAAFB63,25774.8,424
192,B046FCAAFC93,80.1,818
193,B046FCAAFC99,71471.69999999997,443
194,B046FCAAFCAB,11720.7,428
195,B046FCAAFCB3,1594.8,428
196,B046FCAAFCB4,4038.3,428
197,B046FCAAFCB5,0.0,428
198,B046FCAAFCB6,43692.0,428
199,B046FCAAFCB7,73.8,428
200,B046FCAAFCD0,45429.90000000001,244
201,B046FCAAFDC5,1867.2,435
202,B046FCAAFE95,174358.80000000002,462
203,B046FCAAFEBF,0.0,454
204,B046FCAAFEC9,5681.7,450
205,B046FCAAFF56,11146.500000000002,453
206,B046FCAAFFAA,1033.5,440
207,B046FCAB0062,3785.4,454
208,B046FCAB024C,0.0,429
209,B046FCAB02A5,117451.19999999994,444
210,B046FCAB0310,58993.8,183
211,B046FCAB0529,3885.6,427
212,B046FCAB0538,68558.40000000001,432
213,B046FCAB0707,47529.0,445
214,B046FCAB077F,36519.599999999984,433
215,B046FCAB0781,26006.4,431
216,B046FCAB07F9,2771.1,404
217,B046FCAB0983,0.0,422
218,B046FCAB09A5,32398.200000000008,421
219,B046FCAB09C5,3097.5,456
220,B046FCAB0B1A,118591.79999999994,402
221,B046FCAB0B90,69057.59999999999,428
222,B046FCAB0C81,26401.2,434
223,B046FCAB0C97,44823.9,444
224,B046FCAB0DE9,10149.3,447
225,B046FCAB0EE9,7845.3,443
226,B046FCAB0F40,14830.499999999998,425
227,B046FCAB0F45,47104.50000000002,425
228,B046FCAB103D,20257.5,423
229,B046FCAB10A3,10059.3,425
230,B046FCAB10CD,0.0,386
231,B046FCAB11E6,47637.3,431
232,B046FCAB125B,52178.09999999999,447
233,B046FCAB1291,0.0,425
234,B046FCAB12C6,461.7000000000001,425
235,B046FCAB12D2,89207.40000000002,420
236,B046FCAB13E8,67533.6,234
237,B046FCAB142D,16479.6,408
238,B046FCAB1434,13984.8,408
239,B046FCAB14B5,109480.8,431
240,B046FCAB14F4,0.0,417
241,B046FCAB156F,12.6,433
242,B046FCAB1822,95096.7,417
243,B046FCAB18BF,0.0,367
244,B046FCAB19A2,39655.49999999999,367
245,B046FCAB19EB,63617.39999999997,439
246,B046FCAB1A30,0.0,409
247,B046FCAB1A68,12347.4,381
248,B046FCAB1A7E,84361.50000000001,450
249,B046FCAB1ADB,18173.1,436
250,B046FCAB1AE4,94917.3,387
251,B046FCAB1BB3,9841.2,482
252,B046FCAB1BC9,0.0,212
253,B046FCAB1C51,205145.7,421
254,B046FCAB1CCB,89904.00000000001,405
255,B046FCAB1D65,22302.6,391
256,B046FCAB1DFD,280441.80000000005,296
257,B046FCAB6705,228.6,414
258,B046FCAB6735,382.2,425
259,B046FCAB6776,125899.5,439
260,B046FCAB67E3,14078.1,432
261,B046FCAB687B,0.0,366
262,B046FCAB6943,23392.8,214
263,B046FCAB694F,80055.0,439
264,B046FCAB698F,56565.299999999974,402
265,B046FCAB6A89,9717.6,433
266,B046FCAB6AFF,20723.4,271
267,B046FCAB6C73,255.6,420
268,B046FCAB6D1D,26.4,409
269,B046FCAB6DB4,36735.900000000016,418
270,B046FCAB6DB5,13329.300000000005,418
271,B046FCAB6E74,3275.1,419
272,B046FCAB6F78,235858.79999999996,412
273,B046FCAB7054,6168.3,441
274,B046FCAB71D6,248.40000000000003,5
275,B046FCAB7391,94113.0,436
276,B046FCAB7418,0.0,456
277,B046FCAB7492,3426.9,411
278,B046FCAB7527,98445.29999999996,443
279,B046FCAB759B,11811.3,438
280,B046FCAB75A8,2266.8,436
281,B046FCAB75CB,1255.1999999999996,414
282,B046FCAB75E0,217721.69999999995,410
283,B046FCAB7816,32415.9,409
284,B046FCAB79AA,1542.6,427
285,B046FCAB79D1,14365.2,421
286,B046FCAB8096,391.2,240
287,B046FCAB83E8,40361.999999999985,477
288,B046FCAB8559,0.0,416
289,B046FCAB87F3,0.0,362
290,B046FCAB87F5,109205.10000000003,395
291,B046FCAB88AF,0.0,400
292,B046FCAB8979,55575.30000000002,418
293,B046FCAB8CC1,42710.7,533
294,B046FCAB8E47,13272.3,416
295,B046FCAB8E4A,5365.5,416
296,B046FCAB8EB4,10403.7,411
297,B046FCAB8F11,2190.600000000001,157
298,B046FCAB8FFE,0.0,214
299,B046FCAB90AE,5807.4000000000015,13
300,B046FCAB914E,64986.3,540
301,B046FCABDDFB,44919.3,401
302,B046FCABDE9B,50259.599999999984,399
303,B046FCABDEBD,6540.5999999999985,541
304,B046FCABE1C2,3992.7,141
305,B046FCABE36B,19211.700000000004,412
306,B046FCABE635,7815.9000000000015,379
307,B046FCABE6F9,7132.5,1
308,B046FCABE92C,23444.4,318
309,B046FCABEA6A,46695.9,442
310,B046FCABEAC8,9276.0,384
311,B046FCABEB60,54.9,374
312,B046FCABED45,32246.7,378
313,B046FCABED6C,1420.2,421
314,B046FCABEDAF,0.0,405
315,B046FCABEDE3,2840.4,400
316,B046FCABEDEA,61978.799999999974,400
317,B046FCABEEA2,6816.5999999999985,426
318,B046FCABEF0C,11005.2,401
319,B046FCABEFA3,10024.5,433
320,B046FCABEFB4,23476.800000000007,238
321,B046FCABEFB6,1836.3,426
322,B046FCABEFE8,39165.6,403
323,B046FCABF159,0.0,388
324,B046FCAC0925,1756.1999999999996,392
325,B046FCAC095E,49592.99999999999,385
326,B046FCAC0965,39564.9,385
327,B046FCAC0966,4576.8,385
328,B046FCAC09F0,35521.2,398
329,B046FCAC09FB,0.0,405
330,B046FCAC0A32,3191.9999999999995,407
331,B046FCAC0A40,281444.4,373
332,B046FCAC0B0E,45.9,394
333,B046FCAC0B1C,63542.700000000026,407
334,B046FCAC0BAD,0.0,387
335,B046FCAC0CD6,26173.2,412
336,B046FCAC0CE7,65327.7,418
337,B046FCAC0DC1,78982.50000000001,375
338,B046FCAC0F8C,27864.000000000004,415
339,B046FCAC0FFB,133294.8,422
340,B046FCAC1153,53.7,407
341,B046FCAC11DA,67.8,403
342,B046FCAC13BA,4772.4,341
343,B046FCAC1419,3821.4,314
344,B046FCAC145A,6311.700000000002,413
345,B046FCAC1567,25694.7,398
346,B046FCAC15B5,0.0,405
347,B046FCAC15E3,29357.4,298
348,B046FCAC1752,169222.19999999995,402
349,B046FCAC187B,8722.2,383
350,B046FCAC192D,27521.4,380
351,B046FCAC1A85,0.0,379
352,B046FCAC1A90,17372.4,403
353,B046FCAC1AF2,24717.0,408
354,B046FCAC1C0D,46161.60000000002,372
355,B046FCAC1C32,114520.19999999998,395
356,B046FCAC1CD4,27016.799999999992,400
357,B046FCAC78CA,28413.9,319
358,B046FCAC7A18,46248.599999999984,393
359,B046FCAC7ACF,127990.80000000006,10
360,B046FCAC7C0C,138557.69999999998,346
361,B046FCAC7D59,7227.6,340
362,B046FCAC7D75,0.0,305
363,B046FCAC7ED3,1615.5,401
364,B046FCAC7F23,140674.50000000006,392
365,B046FCAC7F24,40212.3,394
366,B046FCAC7F26,109690.79999999996,394
367,B046FCAC8004,0.0,390
368,B046FCAC8131,160374.59999999998,377
369,B046FCAC841E,73578.59999999999,392
370,B046FCAC8658,49158.59999999999,269
371,B046FCAC8771,1395.9,404
372,B046FCAC886B,84196.19999999994,396
373,B046FCAC898A,41561.099999999984,335
374,B046FCAC8B1E,35111.4,377
375,B046FCAC8C05,380351.0999999999,105
376,B046FCAC8C08,35191.8,313
377,B046FCAC8C4C,45468.9,382
378,B046FCACA083,73625.69999999995,373
379,B046FCACA0F0,19706.1,370
380,B046FCACA1CF,72045.29999999997,373
381,B046FCACA313,843.3,386
382,B046FCACA347,343.5,142
383,B046FCACA468,11831.7,385
384,B046FCACA491,7712.4,387
385,B046FCACA75C,1461.9,362
386,B046FCACA790,50636.7,359
387,B046FCACA7C7,106419.9,368
388,B046FCACAA32,45986.09999999999,412
389,B046FCACAA60,0.0,399
390,B046FCACAA64,67906.8,399
391,B046FCACAA71,76939.8,368
392,B046FCACAA82,52518.9,401
393,B046FCACACCD,9559.2,402
394,B046FCACAF52,0.0,651
395,B046FCACB15E,76278.0,412
396,B046FCACB167,53106.599999999984,392
397,B046FCACB3E2,16068.0,372
398,B046FCACB3FD,8202.600000000002,276
399,B046FCACB487,82551.29999999999,380
400,B046FCACB5B6,116857.49999999994,365
401,B046FCACB61D,178093.80000000005,366
402,B046FCACB8EF,20640.0,366
403,B046FCACB913,0.0,370
404,B046FCACBA44,66726.6,337
405,B046FCACBCFB,28172.700000000004,383
406,B046FCACBE4E,200768.4,365
407,B046FCACBE63,42436.8,364
408,B046FCACBF4B,43.5,351
409,B046FCACC054,159217.49999999994,364
410,B046FCACC09D,13667.7,352
411,B046FCACC2EF,5147.700000000002,347
412,B046FCACC3D6,0.0,394
413,B046FCACC3ED,93375.0,356
414,B046FCACC6A9,42292.2,381
415,B046FCACDA29,26362.5,231
416,B046FCACDD1D,68500.5,373
417,B046FCACDE4B,10950.6,304
418,B046FCACDF75,122492.39999999998,363
419,B046FCACE042,71453.4,433
420,B046FCACE08A,18824.1,357
421,B046FCACE1CA,8042.4,321
422,B046FCACE258,24088.800000000007,359
423,B046FCACE68D,22020.3,0
424,B046FCACE8AB,122475.0,354
425,B046FCAD0D61,82404.89999999997,288
426,B046FCAD0D67,0.0,435
427,B046FCAD1075,52348.2,336
428,B046FCAD115B,11214.299999999996,307
429,B046FCAD11F1,45776.099999999984,293
430,B046FCAD12BE,4062.0,332
431,B046FCAD12E8,8993.4,182
432,B046FCAD1490,0.0,341
433,B046FCAD14C1,4806.9,61
434,B046FCAD1A72,14811.600000000002,411
435,B046FCAD1AB7,24818.4,353
436,B046FCAD1AC0,133464.3,18
437,B046FCAD1BAA,0.0,333
438,B046FCAD1BC3,134917.2,351
439,B046FCAD1D72,134.7,343
440,B046FCAD1DE8,74208.6,111
441,B046FCAD1EEA,84397.8,356
442,B046FCAD3022,6513.0,311
443,B046FCAD315C,62156.4,588
444,B046FCAD31E2,67167.6,286
445,B046FCAD3200,103.2,301
446,B046FCAD3335,14074.2,315
447,B046FCAD3384,92119.5,321
448,B046FCAD33A8,652.8,310
449,B046FCAD33D4,43706.7,295
450,B046FCAD3427,15892.8,304
451,B046FCAD363B,1035.0,266
452,B046FCAD363D,27944.40000000001,304
453,B046FCAD3687,17316.0,306
454,B046FCAD370A,1746.6,299
455,B046FCAD37AA,0.0,306
456,B046FCAD37AE,1715.7,306
457,B046FCAD3875,75265.79999999999,138
458,B046FCAD395A,2250.9000000000005,392
459,B046FCAD399C,9039.0,341
460,B046FCAD3DE5,28008.000000000004,246
461,B046FCAD3F3A,21384.6,328
462,B046FCAD3F3F,51742.8,328
463,B046FCAD402A,89759.7,329
464,B046FCAD7702,6647.699999999999,334
465,B046FCAD780B,28259.7,344
466,B046FCAD79F7,13926.9,322
467,B046FCAD7A58,0.0,315
468,B046FCAD7B3E,88669.50000000001,309
469,B046FCAD7C34,0.0,228
470,B046FCAD7C69,3478.8,354
471,B046FCAD7C8D,75.9,351
472,B046FCAD7DE5,0.0,327
473,B046FCAD80FC,0.0,305
474,B046FCAD810C,0.0,358
475,B046FCAD834D,3204.5999999999995,359
476,B046FCAD8379,32452.8,298
477,B046FCAD839E,66162.59999999999,314
478,B046FCAD869B,22327.200000000004,329
479,B046FCAD87D5,5931.9000000000015,303
480,B046FCAD87F2,54255.3,339
481,B046FCAD8A2A,13010.7,177
482,B046FCAD8ACB,123211.5,354
483,B046FCAD8ACE,62.7,331
484,B046FCAD8BCD,275418.9,316
485,B046FCAD8C5B,46343.10000000001,295
486,B046FCAD8DBB,26953.200000000004,235
487,B046FCAD8DC8,23.1,253
488,B046FCAD8F6F,2414.1,279
489,B046FCAD8FD3,39923.10000000001,342
490,B046FCAD904B,23697.900000000005,291
491,B046FCAD9053,347.7000000000001,261
492,B046FCAD905C,61555.2,192
493,B046FCAD907F,10773.9,322
494,B046FCAD91B9,0.0,344
495,B046FCAD9756,23649.300000000007,326
496,B046FCAD981A,185022.3,295
497,B046FCAD9837,13507.5,323
498,B046FCAD9839,24544.200000000004,315
499,B046FCAD9874,241853.09999999995,339
500,B046FCAD9938,22038.899999999994,341
501,B046FCAD994F,73440.90000000001,385
502,B046FCAD9A6A,40663.2,354
503,B046FCAD9B7D,5946.0,377
504,B046FCAD9CD7,16590.6,154
505,B046FCAD9D6C,0.0,202
506,B046FCADB26C,23647.5,229
507,B046FCADB50F,7934.4,329
508,B046FCADB88E,40088.4,305
509,B046FCADB960,22606.800000000007,331
510,B046FCADBBCA,30244.5,290
511,B046FCADBBCB,157069.80000000005,290
512,B046FCADBF73,82287.59999999998,281
513,B046FCADBF9A,13560.0,284
514,B046FCADBFE0,26562.900000000005,274
515,B046FCADC01E,35805.9,315
516,B046FCADC114,0.0,331
517,B046FCADC199,120062.39999999994,500
518,B046FCADC240,0.0,413
519,B046FCADC482,99396.3,307
520,B046FCADC603,16725.0,307
521,B046FCADC72A,2426.4,312
522,B046FCADC7F3,16346.400000000005,335
523,B046FCADD4C1,49842.900000000016,292
524,B046FCADD709,149561.7,329
525,B046FCADD818,11800.8,326
526,B046FCADDC72,642.3,300
527,B046FCADDDAA,20.4,40
528,B046FCADDED5,103914.30000000002,477
529,B046FCADDF0C,54.6,328
530,B046FCADDF49,295627.5000000001,292
531,B046FCAE28DF,0.0,271
532,B046FCAE2D57,16487.100000000002,258
533,B046FCAE2D74,51917.10000000002,244
534,B046FCAE2DA0,81998.99999999999,246
535,B046FCAE328A,30619.500000000004,464
536,B046FCAE32A4,32570.4,217
537,B046FCAE332A,109130.4,315
538,B046FCAE332B,0.0,315
539,B046FCAE33A3,40944.599999999984,275
540,B046FCAE3458,6804.5999999999985,277
541,B046FCAE3460,113.4,262
542,B046FCAE34CC,166500.0,299
543,B046FCAE382D,106981.79999999996,363
544,B046FCAE3944,1887.9,309
545,B046FCAE3A08,0.0,73
546,B046FCAE5642,73794.59999999998,317
547,B046FCAE5743,117332.10000000002,305
548,B046FCAE575C,21247.5,284
549,B046FCAE5AE6,115578.9,309
550,B046FCAE5B21,16214.7,279
551,B046FCAE5D63,0.0,292
552,B046FCAE62F5,10350.9,312
553,B046FCAE63FA,13718.1,295
554,B046FCAE644D,10496.7,308
555,B046FCAE6470,75794.09999999999,308
556,B046FCAE662A,5034.9,290
557,B046FCAE666A,16794.3,283
558,B046FCAE66ED,42244.2,299
559,B046FCAECB22,153115.19999999995,203
560,B046FCAECB39,156505.19999999998,421
561,B046FCAECB65,88180.80000000002,271
562,B046FCAECB95,6012.0,283
563,B046FCAECD0B,119186.1,273
564,B046FCAECE4B,39070.5,260
565,B046FCAED33D,134184.0,254
566,B046FCAED37C,14410.499999999998,246
567,B046FCAED4A6,288983.1,222
568,B046FCAED6A1,27684.000000000004,261
569,B046FCAED7F7,11847.6,173
570,B046FCAED9FC,0.0,287
571,B046FCAEDC40,9.0,157
572,B046FCAEDDC2,2753.4,263
573,B046FCAEDEBF,333.6,288
574,B046FCAEDFE2,3748.8,51
575,B046FCAEE08F,34206.6,249
576,B046FCAEE1DE,0.0,271
577,B046FCAEE329,45294.6,263
578,B046FCAEE3C7,66041.99999999999,263
579,B046FCAEE471,9304.2,393
580,B046FCAEE6B1,943.5,255
581,B046FCAEE755,227676.9,373
582,B046FCAEE882,2518.2,43
583,B046FCAEEB41,15475.8,280
584,B046FCAEED1E,22258.8,194
585,B046FCAEED3D,0.0,238
586,B046FCAEED79,3805.5000000000014,277
587,B046FCAEEDBD,11020.8,267
588,B046FCAEEDEA,10460.4,269
589,B046FCAEEE38,87855.89999999997,265
590,B046FCAEEE43,72014.70000000001,265
591,B046FCAEF018,81796.49999999999,270
592,B046FCAF137C,37095.3,265
593,B046FCAF1699,18062.4,252
594,B046FCAF190C,12583.799999999996,269
595,B046FCAF1ACF,52955.10000000002,196
596,B046FCAF1B48,0.0,123
597,B046FCAF1CA6,0.0,264
598,B046FCAF1CD1,60564.60000000001,276
599,B046FCAF1E70,11517.9,262
600,B046FCAF1E7E,0.0,266
601,B046FCAF2161,23089.5,511
602,B046FCAF217A,225632.10000000012,527
603,B046FCAF2311,11019.300000000005,242
604,B046FCAF237F,20372.7,188
605,B046FCAF23F3,79915.50000000003,278
606,B046FCB158D5,10102.8,305
607,B046FCB159F2,11352.0,276
608,B046FCB15A8C,19139.7,280
609,B046FCB15AD5,392.4,275
610,B046FCB15B52,23469.9,211
611,B046FCB15CE4,89777.7,264
612,B046FCB15D08,12490.499999999998,300
613,B046FCB15D33,84763.79999999999,289
614,B046FCB15FAB,92728.80000000003,276
615,B046FCB15FCC,104565.89999999994,294
616,B046FCB160B3,114234.90000000005,296
617,B046FCB16135,26126.699999999993,286
618,B046FCB161AA,22774.8,309
619,B046FCB16495,4452.6,283
620,B046FCB16623,56475.90000000001,156
621,B046FCB16635,165425.69999999998,306
622,B046FCB16739,5570.700000000002,294
623,B046FCB16854,152834.69999999992,245
624,B046FCB1687A,57801.6,286
625,B046FCB168FE,52817.1,490
626,B046FCB1704F,28286.4,307
627,B046FCB172E6,43211.10000000001,276
628,B046FCB17460,112958.39999999994,269
629,B046FCB174EE,14996.7,293
630,B046FCB17745,67790.4,245
631,B046FCB1793C,0.0,277
632,B046FCB17A83,14661.6,195
633,B046FCB17BDF,755.4,169
634,B046FCB17BE3,222.3,278
635,B046FCB17C3C,1193.1,275
636,B046FCB17DA5,95632.5,127
637,B046FCB17DB9,44690.1,261
638,B046FCB17E8F,32888.4,135
639,B046FCB18059,99558.6,276
640,B046FCB19638,65050.2,247
641,B046FCB1965C,45247.50000000001,259
642,B046FCB196E9,70781.09999999999,256
643,B046FCB197D8,24191.700000000004,235
644,B046FCB19812,238854.00000000012,121
645,B046FCB199C4,62888.40000000001,272
646,B046FCB19AF2,0.0,140
647,B046FCB19C0E,61777.49999999999,237
648,B046FCB19FB6,23629.8,289
649,B046FCB1A559,3765.6,275
650,B046FCB1A5CE,51289.2,268
651,B046FCB1A5CF,31845.0,268
652,B046FCB1A67E,185117.4,277
653,B046FCB1A707,18679.8,282
654,B046FCB1AA1D,12320.399999999998,308
655,B046FCB1AA6D,140415.30000000008,236
656,B046FCB1AC16,79520.99999999997,196
657,B046FCB1AF25,29206.5,167
658,B046FCB1B4EC,0.0,240
659,B046FCB1B553,2532.9,262
660,B046FCB1B69B,32972.1,269
661,B046FCB1B79A,1417.2,250
662,B046FCB1B90F,48374.1,210
663,B046FCB1D526,111515.39999999997,252
664,B046FCB1D819,120969.30000000006,259
665,B046FCB1DD55,110704.8,270
666,B046FCB1DE9C,47942.7,272
667,B046FCB1E00F,0.0,245
668,B046FCB1E049,137547.59999999995,233
669,B046FCB1E0CE,4562.0999999999985,272
670,B046FCB1E12E,31097.4,258
671,B046FCB1E240,2517.3,253
672,B046FCB1E4B3,2150.1,230
673,B046FCB1E57B,87972.6,184
674,B046FCB1E633,62858.400000000016,272
675,B046FCB1FF31,40379.7,250
676,B046FCB201F0,32715.9,298
677,B046FCB2040F,0.0,247
678,B046FCB20690,926.4,260
679,B046FCB2080F,6.3,267
680,B046FCB20BFC,51138.0,200
681,B046FCB20C50,11328.3,263
682,B046FCB20C73,2294.1,255
683,B046FCB20CA0,5085.3,245
684,B046FCB20CF4,107689.49999999996,228
685,B046FCB20DBA,31828.80000000001,52
686,B046FCB21CE0,8233.5,236
687,B046FCB21F97,43459.8,241
688,B046FCB221BC,5319.3,237
689,B046FCB2258A,5657.7,328
690,B046FCB2274D,18316.5,101
691,B046FCB22AE3,0.0,201
692,B046FCB22F15,26356.800000000007,124
693,B046FCB2306A,132050.4,209
694,B046FCB233EC,2256.0,179
695,B046FCB23460,7709.4,199
696,B046FCB237C0,120587.4,397
697,B046FCB237F9,171509.99999999994,204
698,B046FCB23D18,9184.5,223
699,B046FCB23E2C,133732.80000000002,205
700,B046FCB23F08,5019.3,228
701,B046FCB2402A,20710.5,221
702,B046FCB24044,3.9,208
703,B046FCB2430D,63264.299999999974,246
704,B046FCB250DB,2796.6,286
705,B046FCB25217,46460.40000000001,244
706,B046FCB2521F,86806.50000000001,244
707,B046FCB25964,74946.90000000001,242
708,B046FCB25966,15.9,204
709,B046FCB259C8,4232.4,104
710,B046FCB25A46,25682.4,227
711,B046FCB25A4B,80805.9,255
712,B046FCB25BB4,0.0,181
713,B046FCB25BC5,24318.300000000007,228
714,B046FCB25C0F,94993.5,216
715,B046FCB25D95,71437.2,367
716,B046FCB26025,0.0,255
717,B046FCB26405,38353.499999999985,184
718,B046FCB27444,0.0,455
719,B046FCB276E7,17868.0,355
720,B046FCB27D76,24133.50000000001,138
721,B046FCB2829D,70244.7,201
722,B046FCB2836D,295.2,213
723,B046FCB28577,25942.2,99
724,B046FCB2862C,3075.9,109
725,B046FCB289FC,21957.3,240
726,B046FCB28BCA,7301.0999999999985,210
727,B046FCB28C3A,0.0,237
728,B046FCB28EF6,23940.0,142
729,B046FCB2925D,6917.4000000000015,298
730,B046FCB2949E,4771.8,210
731,B046FCB294DD,109667.1,193
732,B046FCB2960E,0.0,192
733,B046FCB297AA,0.0,210
734,B046FCB2984A,48261.0,198
735,B046FCB29850,208254.89999999988,223
736,B046FCB29927,0.0,250
737,B046FCB2B26F,58.8,439
738,B046FCB2BAF4,12958.2,145
739,B046FCB2BB2F,0.0,229
740,B046FCB2BC86,27790.200000000004,214
741,B046FCB2BCA2,91017.6,31
742,B046FCB2C319,134482.80000000002,255
743,B046FCB2C4DC,0.0,236
744,B046FCB2C510,7285.200000000002,202
745,B046FCB2C63D,31446.9,232
746,B046FCB2C694,7913.1,183
747,B046FCB2C70F,19.8,216
748,B046FCB2CC19,479.4,189
749,B046FCB2D3C7,45742.19999999999,228
750,B046FCB2D3DE,150.6,50
751,B046FCB2D624,43649.4,168
752,B046FCB2D7BC,28808.7,241
753,B046FCB2DD4E,7242.9000000000015,324
754,B046FCB2DDE8,80866.8,221
755,B046FCB2DEEF,53362.2,218
756,B046FCB2DEF0,27088.8,27
757,B046FCB2E04F,76556.99999999997,146
758,B046FCB2E21E,6390.3,146
759,B046FCB2E303,84056.09999999995,346
760,B046FCB2E5F9,169991.09999999995,440
761,B046FCB2E6FF,8736.0,93
762,B046FCB2E744,10104.3,80
763,B046FCB2E7E4,21443.100000000006,206
764,B046FCB2E830,28159.800000000007,221
765,B046FCB2E8EB,196.2,190
766,B046FCB2EA8A,1296.6,222
767,B046FCB30861,102779.1,208
768,B046FCB30908,59504.40000000001,225
769,B046FCB3093B,202204.50000000012,94
770,B046FCB30A05,2261.1,184
771,B046FCB30A53,108760.2,408
772,B046FCB30B77,2064.6,140
773,B046FCB30B8B,0.0,189
774,B046FCB30DA3,19.8,148
775,B046FCB30F77,77018.09999999999,96
776,B046FCB314D0,134313.90000000005,138
777,B046FCB317EC,18390.6,148
778,B046FCB31E18,3867.6,193
779,B046FCB31E70,20593.5,203
780,B046FCB3233A,9795.3,230
781,B046FCB32501,142502.09999999995,213
782,B046FCB32719,389.7,335
783,B046FCB328F7,0.0,204
784,B046FCB32939,47601.59999999999,224
785,B046FCB3295C,165222.8999999999,66
786,B046FCB32AF5,3.3,190
787,B046FCB32C23,73918.5,174
788,B046FCB3463E,277307.3999999999,222
789,B046FCB3479D,54055.20000000001,582
790,B046FCB34BD2,5386.8,737
791,B046FCB35111,17.4,518
792,B046FCB353D2,52286.1,185
793,B046FCB355BE,13811.699999999995,213
794,B046FCB35652,41115.3,192
795,B046FCB35730,28601.099999999995,182
796,B046FCB35A7B,24337.5,200
797,B046FCB35FE9,29.4,145
798,B046FCB361F3,4915.5,80
799,B046FCB361F4,2961.9,91
800,B046FCB362A1,371.09999999999985,8
801,B046FCB36445,407.4,257
802,B046FCB364E0,232772.0999999999,140
803,B046FCB367FE,79737.3,151
804,B046FCB3690D,19480.200000000004,196
805,B046FCB369E9,22010.4,179
806,B046FCB36A42,180862.49999999997,213
807,B046FCB378AC,51996.9,153
808,B046FCB378D9,3927.0000000000014,156
809,B046FCB37BB7,145380.59999999998,123
810,B046FCB38037,39796.8,174
811,B046FCB382DC,13736.7,211
812,B046FCB38384,33910.499999999985,12
813,B046FCB38A00,24717.0,186
814,B046FCB3A35B,536.7,134
815,B046FCB3A594,113652.0,236
816,B046FCB3A60F,51641.69999999999,164
817,B046FCB3A990,5542.5,165
818,B046FCB3B0BC,18416.7,156
819,B046FCB3B310,16001.7,122
820,B046FCB3B923,203578.20000000004,177
821,B046FCB3B95D,26980.80000000001,400
822,B046FCB3B9D8,5479.5,154
823,B046FCB3BB29,45896.7,155
824,B046FCB3BBB9,725.7,81
825,B046FCB3BBCA,5616.299999999998,70
826,B046FCB3BC28,52465.79999999999,124
827,B046FCB3BD02,5803.199999999999,96
828,B046FCB3BEAE,10593.0,175
829,B046FCB3BF17,14654.7,171
830,B046FCB3BF9E,53852.69999999999,386
831,B046FCB3C0F6,38967.6,364
832,B046FCB3C270,80183.1,137
833,B046FCB3C2B8,0.0,166
834,B046FCB3C4AA,44997.6,160
835,B046FCB3C4E9,14729.4,64
836,B046FCB3C555,2373.600000000001,212
837,B046FCB3C849,6171.000000000001,188
838,B046FCB3DAD2,2727.9,595
839,B046FCB3DB12,13268.7,105
840,B046FCB3DC6D,24807.3,194
841,B046FCB3DEA0,4571.7,285
842,B046FCB3DF92,51250.19999999999,290
843,B046FCB3E186,37454.7,200
844,B046FCB3E30E,7564.200000000002,146
845,B046FCB3E35B,239409.00000000012,441
846,B046FCB3E447,13553.7,124
847,B046FCB3E53B,15926.7,64
848,B046FCB3E53D,31476.600000000013,11
849,B046FCB3E7B4,7369.200000000002,182
850,B046FCB3E9C8,1044.6,164
851,B046FCB3EA5D,192638.09999999995,200
852,B046FCB3EE26,0.0,290
853,B046FCB3F2E7,82280.1,190
854,B046FCB3F3E3,32268.300000000007,189
855,B046FCB3F882,19889.700000000004,289
856,B046FCB3F8D5,70.8,137
857,B046FCB3FA59,34336.200000000004,186
858,B046FCB3FB07,171671.39999999994,143
859,B046FCB3FD8C,4735.200000000002,136
860,B046FCB3FE05,53091.9,212
861,B046FCB3FF26,3863.4,131
862,B046FCB401BC,65328.3,109
863,B046FCB42492,13815.900000000005,167
864,B046FCB424AA,0.0,181
865,B046FCB424EF,24514.500000000004,175
866,B046FCB4267B,15599.4,178
867,B046FCB42912,58703.99999999996,120
868,B046FCB42931,10293.3,146
869,B046FCB42C4E,25555.200000000004,188
870,B046FCB42CEB,1862.1,163
871,B046FCB44614,11748.6,148
872,B046FCB446BB,17742.600000000002,435
873,B046FCB44BC8,14836.499999999998,166
874,B046FCB44C5E,58544.99999999999,154
875,B046FCB454F2,47429.70000000001,172
876,B046FCB45726,71818.8,197
877,B046FCB457AB,34530.0,178
878,B046FCB459AD,51475.5,176
879,B046FCB45D56,62356.799999999974,251
880,B046FCB46057,36404.1,130
881,B046FCB46215,110473.8,129
882,B046FCB463B0,0.0,166
883,B046FCB467E9,0.0,158
884,B046FCB46A07,39180.9,173
885,B046FCB46AB8,2525.100000000001,393
886,B046FCB46B76,13491.300000000005,172
887,B046FCB4713A,0.0,157
888,B046FCB47885,64261.79999999999,177
889,B046FCB4941D,60645.0,143
890,B046FCB496C3,0.0,161
891,B046FCB49B94,0.0,139
892,B046FCB4A4DD,128720.69999999992,130
893,B046FCB4BCC8,1937.4,133
894,B046FCB4BE52,122.4,165
895,B046FCB4BEC1,8376.3,128
896,B046FCB4C031,12783.3,305
897,B046FCB4C8C3,22482.6,165
898,B046FCB4C8DC,78981.0,144
899,B046FCB4CF51,144368.4,131
900,B046FCB4D046,103773.60000000002,134
901,B046FCB4D5A5,18082.2,136
902,B046FCB4D5A9,31107.299999999992,136
903,B046FCB4DF3C,0.0,88
904,B046FCB4ED11,0.0,129
905,B046FCB4EFC1,71.69999999999997,129
906,B046FCB4F2BD,87530.1,132
907,B046FCB4F2CF,506.4,123
908,B046FCB4F4E1,0.0,119
909,B046FCB4F6FC,13667.700000000004,106
910,B046FCB503F8,131588.7,76
911,B046FCB50E7A,8709.0,142
912,B046FCB50EF1,111244.80000000003,79
913,B046FCB51904,42243.9,133
914,B046FCB51B43,27273.3,129
915,B046FCB51CDA,35296.499999999985,124
916,B046FCB51D71,1057.8,125
917,B046FCB5245A,121246.5,130
918,B046FCB52637,6100.199999999999,133
919,B046FCB52831,136028.70000000007,112
920,B046FCB52912,20.7,103
921,B046FCB529E3,32649.599999999995,143
922,B046FCB52ADF,48789.60000000002,130
923,B046FCB52DA3,59718.9,110
924,B046FCB532A5,40242.3,131
925,B046FCB53321,161341.2,268
926,B046FCB53609,140561.39999999994,105
927,B046FCB5372F,27626.7,112
928,B046FCB537FD,29757.000000000004,19
929,B046FCB538AB,39668.1,136
930,B046FCB53955,0.0,105
931,B046FCB539F8,16577.399999999998,135
932,B046FCB53C16,29376.3,91
933,B046FCB53D59,0.0,153
934,B046FCB53D5F,0.0,150
935,B046FCB53D87,0.0,127
936,B046FCB53E28,795.3,123
937,B046FCB53E7E,115015.2,143
938,B046FCB55FD8,103282.19999999998,109
939,B046FCB560B4,121659.90000000005,90
940,B046FCB56146,163595.99999999994,102
941,B046FCB564DF,6487.2,110
942,B046FCB566C4,1130.4,47
943,B046FCB57B82,5767.5,1
944,B046FCB5803E,183002.7,123
945,B046FCB583B3,0.0,3
946,B046FCB58407,91195.2,109
947,B046FCB5840B,7796.0999999999985,22
948,B046FCB58423,45376.2,69
949,B046FCB58435,7442.1,124
950,B046FCB584C0,109692.0,6
951,B046FCB58642,2743.8,110
952,B046FCB5881B,0.0,55
953,B046FCB58943,10040.7,116
954,B046FCB58944,1455.0,104
955,B046FCB58987,38257.5,88
956,B046FCB58AA6,1446.9,108
957,B046FCB58B22,6218.700000000002,110
958,B046FCB58CF9,19958.4,127
959,B046FCB58D38,0.0,93
960,B046FCB5BAE7,2290.2,241
961,B046FCB5BD46,4032.6,123
962,B046FCB5BD48,9792.9,123
963,B046FCB5BD67,66.9,6
964,B046FCB5BE74,4739.1,48
965,B046FCB5BFDD,2951.1,123
966,B046FCB5C025,12623.400000000005,290
967,B046FCB5C828,142.2,82
968,B046FCB5C992,11175.0,74
969,B046FCB5DB17,46685.70000000001,111
970,B046FCB5DCD0,2560.8,84
971,B046FCB5DDA4,19172.1,6
972,B046FCB5DF85,12191.100000000002,3
973,B046FCB5E1F6,0.0,90
974,B046FCB5E50A,0.0,85
975,B046FCB5E581,6027.299999999998,2
976,B046FCB5E715,67.8,18
977,B046FCB5E825,214286.40000000005,87
978,B046FCB5E8C1,29.1,2
979,B046FCB5E99B,91.5,51
980,B046FCB5E9FD,0.0,9
981,B046FCB5EC5C,3299.7,126
982,B046FCB60043,75036.3,75
983,B046FCB60A77,3207.300000000001,88
984,B046FCB60B34,5286.3,390
985,B046FCB6109E,33075.60000000001,81
986,B046FCB610D1,24387.6,89
987,B046FCB61158,9133.5,73
988,B046FCB611E0,0.0,105
989,B046FCB613DB,9215.1,100
990,B046FCB616F9,101607.3,43
991,B046FCB61746,0.0,88
992,B046FCB6187B,62005.50000000002,71
993,B046FCB61B5D,21112.2,64
994,B046FCB62075,2569.8,66
995,B046FCB62119,50786.99999999999,73
996,B046FCB626E5,8923.8,52
997,B046FCB64AC7,19061.1,93
998,B046FCB691D5,71609.99999999999,94
999,B046FCB6929E,41109.0,98
1000,B046FCB6933D,13161.3,60
1001,B046FCB6939D,50.4,2
1002,B046FCB6942E,7605.6,74
1003,B046FCB6955A,600402.8999999998,133
1004,B046FCB69710,0.0,49
1005,B046FCB6990A,45197.4,42
1006,B046FCB69A6B,7900.500000000001,83
1007,B046FCB69AAC,31536.9,458
1008,B046FCB69ED0,5327.700000000002,21
1009,B046FCB69FB1,201.3,72
1010,B046FCB6A0CD,9167.7,146
1011,B046FCB6A1E1,272275.5,68
1012,B046FCB6A26B,4247.0999999999985,71
1013,B046FCB6A4D3,99143.7,84
1014,B046FCB6A79A,41514.3,51
1015,B046FCB6A876,46733.10000000001,77
1016,B046FCB6AC79,0.0,63
1017,B046FCB6AE0E,20190.6,73
1018,B046FCB6B03D,2345.7,60
1019,B046FCB6B293,29861.1,67
1020,B046FCB6B37D,0.0,94
1021,B046FCB6B510,0.0,53
1022,B046FCB6B785,10567.8,37
1023,B046FCB6B9F5,6993.3,1
1024,B046FCB6BAAD,0.0,0
1025,B046FCB6BAD3,23096.7,95
1026,B046FCB6BAF9,24115.8,42
1027,B046FCB6BAFC,80236.49999999999,14
1028,B046FCB6C04D,15051.3,80
1029,B046FCB6C07B,17881.500000000004,31
1030,B046FCB6C200,106195.5,24
1031,B046FCB6C2A8,0.0,394
1032,B046FCB6C359,1114.8,1
1033,B046FCB6C474,2558.1,87
1034,B046FCB6C622,648.9,14
1035,B046FCB6C677,14414.399999999996,43
1036,B046FCB6C6A4,2241.3,68
1037,B046FCB6C742,0.0,269
1038,B046FCB6C774,178642.20000000007,68
1039,B046FCB6C7C5,22.8,6
1040,B046FCB6C7F6,8842.799999999997,421
1041,B046FCB6C927,28122.0,37
1042,B046FCB6CA2A,43500.29999999999,29
1043,B046FCB6CC6D,21865.8,51
1044,B046FCB6CCCF,33087.3,27
1045,B046FCB6CDDF,83.4,2
1046,B046FCB6CF4A,116196.6,63
1047,B046FCB6D1EE,6133.200000000002,87
1048,B046FCB6D433,13254.0,48
1049,B046FCB6D488,121261.19999999994,68
1050,B046FCB6D4BC,72175.8,46
1051,B046FCB6D657,360080.70000000007,38
1052,B046FCB6D65B,6931.499999999999,38
1053,B046FCB6D9C7,85547.40000000002,44
1054,B046FCB6DA31,276.9,62
1055,B046FCB6DA5C,1367.7,31
1056,B046FCB6DB37,64217.10000000001,35
1057,B046FCB6DF96,0.0,20
1058,B046FCB70BE3,9.9,78
1059,B046FCB70DFA,324.6,57
1060,B046FCB710A5,110606.69999999997,49
1061,B046FCB710AD,398.4,11
1062,B046FCB710C6,15023.1,52
1063,B046FCB7113C,13647.0,47
1064,B046FCB71189,375.00000000000006,86
1065,B046FCB712D0,0.0,63
1066,B046FCB712E5,0.0,89
1067,B046FCB713E8,12310.500000000002,40
1068,B046FCB71663,6574.499999999999,4
1069,B046FCB71974,36746.39999999999,49
1070,B046FCB71A63,45799.8,74
1071,B046FCB71A66,89953.19999999998,74
1072,B046FCB71B70,26972.1,67
1073,B046FCB71C5C,19930.2,148
1074,B046FCB71D1C,39019.2,89
1075,B046FCB7225C,21743.7,33
1076,B046FCB72A26,27369.0,0
1077,B046FCB72BF9,60226.2,558
1078,B046FCB72D24,130.2,10
1079,B046FCB72D2D,3492.600000000001,7
1080,B046FCB72DDA,1431.6,18
1081,B046FCB72DE2,6127.5,6
1082,B046FCB73155,0.0,83
1083,B046FCB731C2,55609.2,54
1084,B046FCB731C5,62972.99999999999,107
1085,B046FCB73261,14742.899999999996,41
1086,B046FCB733CD,81278.69999999995,38
1087,B046FCB7362F,1077.6,42
1088,B046FCB736F0,77793.30000000003,59
1089,B046FCB73782,81215.1,26
1090,B046FCB737C7,230594.6999999999,39
1091,B046FCB737D5,18994.500000000004,4
1092,B046FCB739AC,0.0,59
1093,B046FCB73ABD,19743.6,74
1094,B046FCB73F7E,122604.30000000006,54
1095,B046FCB73F7F,1719.9,42
1096,B046FCB73F8D,36967.500000000015,61
1097,B046FCB74036,37640.4,36
1098,B046FCB74C3F,34675.5,64
1099,B046FCB74D49,5.7,14
1100,B046FCB74DDD,0.0,1
1101,B046FCB74E3F,9422.1,14
1102,B046FCB752E0,0.0,27
1103,B046FCB753C0,0.0,53
1104,B046FCB7546C,25290.0,8
1105,B046FCB754D4,0.0,14
1106,B046FCB755F2,1325.1,9
1107,B046FCB75975,59940.3,58
1108,B046FCB75A45,9047.100000000002,70
1109,B046FCB75D2A,70131.9,35
1110,B046FCB75ED5,12711.3,55
1111,B046FCB75F2E,174155.09999999995,67
1112,B046FCB75FD0,33485.999999999985,41
1113,B046FCB75FD3,103165.79999999996,41
1114,B046FCB75FD4,4907.4,52
1115,B046FCB76035,2448.6,68
1116,B046FCB76080,3031.2000000000007,37
1117,B046FCB76117,26.4,43
1118,B046FCB76123,0.0,38
1119,B046FCB761C2,63188.4,26
1120,B046FCB763DF,3269.7000000000007,39
1121,B046FCB764DA,2034.9,52
1122,B046FCB7674B,50538.89999999999,40
1123,B046FCB76A43,115026.30000000002,51
1124,B046FCB77F68,0.0,71
1125,B046FCB7808B,166532.7,66
1126,B046FCB78245,276480.90000000014,82
1127,B046FCB7849D,13784.999999999998,71
1128,B046FCB7872E,8726.7,66
1129,B046FCB7889F,3780.3,2
1130,B046FCB78E96,14076.9,60
1131,B046FCB78FCD,54202.19999999999,54
1132,B046FCB792F6,81697.50000000003,60
1133,B046FCB7949F,24562.800000000007,204
1134,B046FCB79541,6226.800000000001,18
1135,B046FCB795EF,70178.69999999997,53
1136,B046FCB7970A,0.0,22
1137,B046FCB7985E,32055.6,30
1138,B046FCB79951,0.0,25
1139,B046FCB79BCC,783.3000000000002,22
1140,B046FCB79E0B,9802.2,20
1141,B046FCB79E98,274610.69999999984,65
1142,B046FCB79EA1,89642.10000000006,64
1143,B046FCB7A0A1,0.0,67
1144,B046FCB7A1F3,2394.6,60
1145,B046FCB7A2BC,120216.8999999999,254
1146,B046FCB7A360,1877.7,15
1147,B046FCB7A3A6,165258.59999999995,51
1148,B046FCB7A52D,81386.70000000001,66
1149,B046FCB7AD26,523.8000000000002,15
1150,B046FCB7ADAA,8644.199999999999,3
1151,B046FCB7ADE8,444.6,50
1152,B046FCB7ADEF,25708.5,16
1153,B046FCB7AF61,15595.2,12
1154,B046FCB7B07A,69020.09999999998,69
1155,B046FCB7B522,110394.60000000002,37
1156,B046FCB7B6C7,20653.2,3
1157,B046FCB7B8F6,106763.99999999996,136
1158,B046FCB7BA9C,0.0,20
1159,B046FCB7BB55,34829.70000000001,35
1160,B046FCB7BEF7,117692.7,52
1161,B046FCB7C0D4,80077.19999999997,33
1162,B046FCB7C3A3,27080.7,44
1163,B046FCB7C3D3,710.0999999999998,40
1164,B046FCB7C4F0,0.0,2
1165,B046FCB7C695,18111.6,9
1166,B046FCB7C69E,1490.7,11
1167,B046FCB7C798,40796.4,28
1168,B046FCB7C823,9931.5,11
1169,B046FCB7D5C7,3696.300000000001,52
1170,B046FCB7D62D,8745.3,35
1171,B046FCB7D67D,43742.70000000001,46
1172,B046FCB7D6FE,138857.7,61
1173,B046FCB7D706,9901.5,16
1174,B046FCB7D71F,95184.29999999996,48
1175,B046FCB7D729,2871.0,49
1176,B046FCB7D926,5889.0,46
1177,B046FCB7DA23,21482.1,0
1178,B046FCB7DAE1,7404.0,49
1179,B046FCB7DBC1,31447.8,47
1180,B046FCB7DC11,17652.9,18
1181,B046FCB7DD87,2852.4,54
1182,B046FCB7DE6A,162227.99999999994,55
1183,B046FCB7DEB4,33715.5,41
1184,B046FCB7E13E,43880.7,35
1185,B046FCB7E270,556.8000000000002,0
1186,B046FCB7E287,0.0,52
1187,B046FCB7E2B9,91157.7,38
1188,B046FCB7E376,0.0,47
1189,B046FCB7E4F0,28501.5,49
1190,B046FCB7E4F2,4676.4000000000015,49
1191,B046FCB7E537,3591.0,48
1192,B046FCB7E541,847.2,53
1193,B046FCB7E652,7666.2,7
1194,B046FCB7E687,46175.4,22
1195,B046FCB7E6A2,129080.4,79
1196,B046FCB7E768,25126.2,17
1197,B046FCB7E79E,61360.49999999999,13
1198,B046FCB7E79F,0.0,13
1199,B046FCB7E8F2,161941.8,67
1200,B046FCB7E927,30.3,0
1201,B046FCB7E9F4,13542.9,5
1202,B046FCB7F025,38025.3,41
1203,B046FCB7F289,16450.200000000004,34
1204,B046FCB7F31F,0.0,1
1205,B046FCB7F42F,8685.3,28
1206,B046FCB7F7B6,39678.6,68
1207,B046FCB7F995,10551.0,66
1208,B046FCB7FB9F,11322.000000000002,58
1209,B046FCB7FBC7,0.0,3
1210,B046FCB7FE30,3080.7000000000007,47
1211,B046FCB7FF97,83099.39999999997,21
1212,B046FCB801FE,1054.5,5
1213,B046FCB80511,14295.0,14
1214,B046FCB8052B,5679.000000000001,11
1215,B046FCB8058E,0.0,32
1216,B046FCB8067B,2.4,7
1217,B046FCB80701,8400.0,38
1218,B046FCB80781,0.0,48
1219,B046FCB807DD,84431.70000000001,41
1220,B046FCB808FA,22.5,40
1221,B046FCB80913,70218.60000000003,45
1222,B046FCB809D3,72902.1,27
1223,B046FCB80AAB,0.0,19
1224,B046FCB80AAC,13.5,4
1225,B046FCB80D20,10371.6,13
1226,B046FCB80E3F,4734.0,19
1227,B046FCB80F39,4553.0999999999985,41
1228,B046FCB8104B,0.0,62
1229,B046FCB8105C,22408.5,26
1230,B046FCB81409,68159.09999999999,30
1231,B046FCB816F5,0.0,40
1232,B046FCB81A12,4829.1,25
1233,B046FCB81B05,8841.599999999999,31
1234,B046FCB839BE,25933.2,8
1235,B046FCB839DA,30370.200000000004,2
1236,B046FCB83C3E,27033.6,14
1237,B046FCB83DF5,33.0,29
1238,B046FCB83EDF,0.0,212
1239,B046FCB83EE1,71049.59999999999,38
1240,B046FCB83EF5,647.6999999999998,22
1241,B046FCB83F8F,34300.500000000015,42
1242,B046FCB840EC,691.8,3
1243,B046FCB840FD,27.3,38
1244,B046FCB84191,1328.1,19
1245,B046FCB843D7,7.8,11
1246,B046FCB844E1,10026.9,5
1247,B046FCB844E9,45951.9,27
1248,B046FCB84541,31365.599999999984,3
1249,B046FCB845C7,12086.7,1
1250,B046FCB845F1,16548.600000000006,39
1251,B046FCB84727,8.1,29
1252,B046FCB84902,1617.3,6
1253,B046FCB84907,17.1,2
1254,B046FCB849B6,4441.5,40
1255,B046FCB84B57,6753.0,10
1256,B046FCB84C41,130546.79999999994,28
1257,B046FCB84CC8,525.9,22
1258,B046FCB850C6,30399.6,7
1259,B046FCB856DA,56.7,2
1260,B046FCB85880,14.4,1
1261,B046FCB858A3,17832.300000000007,16
1262,B046FCB85A2D,996.0,6
1263,B046FCB85B4C,2.1,2
1264,B046FCB85E0E,10.5,1
1265,B046FCB85E51,64552.8,1
1266,B046FCB85F6F,5.7,3
1267,B046FCB86051,276.9,7
1268,B046FCB88851,53002.2,5
1269,B046FCB889AF,19320.6,9
1270,B046FCB889C2,62491.200000000026,56
1271,B046FCB88A32,10129.5,14
1272,B046FCB88C02,1830.0,15
1273,B046FCB88C0F,11.7,8
1274,B046FCB88C73,7407.0,7
1275,B046FCB88D22,9782.4,6
1276,B046FCB88E37,7323.9000000000015,4
1277,B046FCB88E38,0.0,4
1278,B046FCB88E98,231.3,5
1279,B046FCB8903F,23.7,9
1280,B046FCB898CE,9865.8,144
1281,B046FCB89E56,10.2,9
1282,B046FCB89F45,2967.600000000001,3
1283,B046FCB8A229,1586.4,11
1284,B046FCB8AA7A,23898.300000000007,30
1285,B046FCB92DD5,11933.699999999995,2
1286,B046FCB92EAB,0.0,1
1287,B046FCB93065,1374.3,4
1288,B046FCB9356A,0.0,4
1289,B046FCB93680,14320.2,8
1290,B046FCB9381B,0.0,3
1291,B046FCB93C69,35814.0,3
1292,B046FCB93D9D,0.0,1
1293,B046FCB9464A,18.6,2
1294,B046FCB94766,1779.0,4
1295,B046FCB94F76,98366.4,0
1296,B046FCB95304,823.8,3
1297,B046FCB97497,0.0,3
1298,B046FCB9756A,55472.1,3
