,MAC,TotalTimePlaying
0,B046FCA69EA6,82197.39700000004
1,B046FCA6A074,251861.94000000012
2,B046FCA6A27E,97710.08300000001
3,B046FCA6A450,64891.025
4,B046FCA6A47D,85549.871
5,B046FCA6A4F6,18194.526000000005
6,B046FCA6A58E,329895.3260000002
7,B046FCA6A61F,100981.06799999996
8,B046FCA6A675,29251.439
9,B046FCA6A684,554686.7599999995
10,B046FCA6A6F0,70.54899999999998
11,B046FCA6A7D7,254477.30399999986
12,B046FCA6A800,129400.15199999994
13,B046FCA6A8AE,92177.60899999998
14,B046FCA6A928,23.717
15,B046FCA6AA1F,103474.143
16,B046FCA6AA28,192104.80799999987
17,B046FCA6AA45,459519.2499999997
18,B046FCA6AB58,154.768
19,B046FCA6AB93,0.0
20,B046FCA6ABC9,156657.14299999998
21,B046FCA6ABCA,1554.549
22,B046FCA6AD0E,19149.355000000003
23,B046FCA6ADC5,81544.93100000008
24,B046FCA6AE9B,727976.516
25,B046FCA6AF7A,106007.67599999999
26,B046FCA6AFB8,607.438
27,B046FCA6B0BD,0.0
28,B046FCA6B0F7,127086.85800000008
29,B046FCA6B12C,41085.109
30,B046FCA6B160,2091488.9259999963
31,B046FCA6B1C2,29393.682
32,B046FCA6B216,43037.726999999984
33,B046FCA6F096,2104911.266999999
34,B046FCA7B750,91365.77699999999
35,B046FCA7B801,223308.69099999988
36,B046FCA7B852,63979.72899999997
37,B046FCA7B999,149979.10599999988
38,B046FCA7B99A,163806.87299999993
39,B046FCA7BA27,326458.852
40,B046FCA7BAE6,1270161.394
41,B046FCA7BCB5,3573533.806000001
42,B046FCA7BD3A,32396.867000000002
43,B046FCA7BDF0,0.0
44,B046FCA7BE63,70941.01299999999
45,B046FCA7BF1C,303213.104
46,B046FCA7BFFC,159746.14800000002
47,B046FCA7C1DD,32589.386000000002
48,B046FCA7C1E9,39474.323
49,B046FCA7C243,467205.66399999976
50,B046FCA7C251,111245.54999999996
51,B046FCA7C32E,35866.37500000001
52,B046FCA7C34C,735544.829
53,B046FCA7C574,22092.034
54,B046FCA7C5B3,16789.071999999996
55,B046FCA7C5EE,74120.44300000004
56,B046FCA7C5EF,50262.95199999997
57,B046FCA7C70C,138487.90799999994
58,B046FCA7C7A2,101930.15000000002
59,B046FCA7C823,12294.681
60,B046FCA7C881,39618.52899999998
61,B046FCA7C974,27137.237999999998
62,B046FCA7CA69,12107.866000000002
63,B046FCA7CA86,955999.9579999992
64,B046FCA85F41,21938.606000000003
65,B046FCA85F7E,560052.3809999998
66,B046FCA85F8F,275617.32399999996
67,B046FCA86066,6095.34
68,B046FCA860BC,57120.61200000002
69,B046FCA860CC,78522.34100000001
70,B046FCA86246,14697.059
71,B046FCA862C8,22712.75
72,B046FCA862DF,1435.8010000000002
73,B046FCA863C9,37611.277
74,B046FCA86474,599012.951
75,B046FCA86510,283316.343
76,B046FCA86530,73293.85999999999
77,B046FCA865A8,96729.96700000003
78,B046FCA86716,16108.130999999998
79,B046FCA868CA,214254.29
80,B046FCA8693E,79827.80200000005
81,B046FCA8697A,57305.26
82,B046FCA86A56,4377.566
83,B046FCA86AE2,21702.747000000007
84,B046FCA86B55,160491.51299999998
85,B046FCA86BF0,60391.102999999996
86,B046FCA86C10,17830.289
87,B046FCA86C3D,131485.99400000006
88,B046FCA86C5A,511448.359
89,B046FCA86D3A,277312.49100000004
90,B046FCA86DE2,87481.02900000001
91,B046FCA86E0E,197144.1889999999
92,B046FCA92220,502713.75899999996
93,B046FCA9223C,4575.901
94,B046FCA92264,121159.36400000002
95,B046FCA9226F,44091.049000000006
96,B046FCA9230C,91814.64
97,B046FCA923E2,202297.29699999987
98,B046FCA92488,0.0
99,B046FCA95D00,43782.205999999984
100,B046FCA95D96,340872.08200000017
101,B046FCA95DB5,37711.116
102,B046FCA95E67,334732.35700000013
103,B046FCA95E92,52182.712
104,B046FCA97770,123965.459
105,B046FCA978B9,568306.2779999999
106,B046FCA978F4,125603.35199999994
107,B046FCA9797E,29933.343999999986
108,B046FCA97980,1236.6480000000001
109,B046FCA979D4,159384.08
110,B046FCA97A77,11459.043999999998
111,B046FCA97AA1,4828.651
112,B046FCA97C27,1011967.9700000004
113,B046FCA97C68,52954.96900000001
114,B046FCA97CCE,122051.06799999994
115,B046FCA97CDE,3529.844
116,B046FCA97D1D,8393.644000000004
117,B046FCA97D7E,185080.08799999996
118,B046FCA97F5F,142872.20200000005
119,B046FCA97F7E,0.0
120,B046FCA97FCC,187136.453
121,B046FCA97FE7,85667.81999999995
122,B046FCA98014,29394.07
123,B046FCA98079,36044.820000000014
124,B046FCA980B7,13.103
125,B046FCA980ED,40212.92699999999
126,B046FCA980F2,5511.321999999999
127,B046FCA98109,13879.030000000004
128,B046FCA981B6,557440.1859999996
129,B046FCA9829E,93057.88400000002
130,B046FCA982F8,72047.065
131,B046FCA9836E,86080.88700000006
132,B046FCA98458,107013.273
133,B046FCA984F2,53199.74899999998
134,B046FCA98507,87016.45599999996
135,B046FCA98571,274161.1270000001
136,B046FCA985F8,26662.984
137,B046FCA98683,60554.821
138,B046FCA98769,212689.812
139,B046FCA98799,5276.1399999999985
140,B046FCA9881A,97703.06000000004
141,B046FCA988A7,98829.851
142,B046FCA988C7,707668.8319999998
143,B046FCA98934,31177.676
144,B046FCA98BD6,95092.85
145,B046FCA98C13,20434.966000000004
146,B046FCA98C4B,0.0
147,B046FCA98C4C,20695.815000000013
148,B046FCA98D2F,145919.11399999994
149,B046FCA98E44,46256.12099999999
150,B046FCA98F8C,6154.718999999999
151,B046FCA98FF2,13951.900999999998
152,B046FCA99179,45269.172
153,B046FCA9923D,57366.96599999999
154,B046FCA992D2,172202.74599999996
155,B046FCA9937B,24922.602999999985
156,B046FCA994AB,914715.4599999998
157,B046FCA995F5,10011.994
158,B046FCA99674,97868.04200000004
159,B046FCA997F4,14517.261999999999
160,B046FCA99896,251950.471
161,B046FCA999B9,69511.32499999997
162,B046FCA99B0C,19585.29
163,B046FCA99B5D,258482.38899999988
164,B046FCAA0110,67297.81799999997
165,B046FCAA036A,436828.64
166,B046FCAA0398,77280.16100000001
167,B046FCAA0430,589040.942
168,B046FCAA047B,552277.022
169,B046FCAA0535,89523.302
170,B046FCAA0566,54953.97100000001
171,B046FCAA0632,0.0
172,B046FCAA0830,50473.547999999995
173,B046FCAA0892,63567.73399999997
174,B046FCAA093A,59129.75500000001
175,B046FCAA09A6,75481.29100000001
176,B046FCAA0AA2,306955.10999999987
177,B046FCAA0BA7,262661.49099999986
178,B046FCAA0C13,348057.88900000014
179,B046FCAA0C50,0.0
180,B046FCAA0C52,19.695
181,B046FCAA0CB8,79523.69400000009
182,B046FCAA0D00,2701.361
183,B046FCAA0EF2,136140.405
184,B046FCAA0F1B,1637416.8269999996
185,B046FCAA0FD3,239.706
186,B046FCAA124F,52574.835
187,B046FCAA12B2,102551.65800000004
188,B046FCAA12C9,124784.56499999992
189,B046FCAA13EB,86927.41599999997
190,B046FCAA141C,311686.39000000013
191,B046FCAA1452,249118.874
192,B046FCAA14FD,162.194
193,B046FCAA1546,59618.059999999954
194,B046FCAA1564,53673.25699999999
195,B046FCAA15D7,11.163
196,B046FCAA1621,191178.301
197,B046FCAA163A,1040484.347
198,B046FCAA1659,39553.133
199,B046FCAA173E,34930.005000000005
200,B046FCAA174F,64315.67699999991
201,B046FCAA18E9,198107.34200000012
202,B046FCAA192F,25954.805000000004
203,B046FCAA193C,61289.80400000003
204,B046FCAA1959,99453.77900000008
205,B046FCAA1A43,18783.586
206,B046FCAA1AEE,0.0
207,B046FCAA1AFC,57266.99000000001
208,B046FCAA1C30,679540.84
209,B046FCAA1C39,53947.97
210,B046FCAA1C74,61473.91
211,B046FCAA1C7D,9751.798
212,B046FCAA1D28,696868.6960000002
213,B046FCAA1F01,130171.86800000006
214,B046FCAA1F4D,1182.7510000000002
215,B046FCAA1F73,157100.33000000007
216,B046FCAA2000,126815.79599999994
217,B046FCAA2002,256957.1850000001
218,B046FCAA2048,49220.562000000005
219,B046FCAA20DA,183725.766
220,B046FCAA2111,22829.286
221,B046FCAA2175,0.0
222,B046FCAA2180,106531.31300000001
223,B046FCAA2258,54955.93700000003
224,B046FCAA243F,672.561
225,B046FCAA2453,0.0
226,B046FCAA253A,408.449
227,B046FCAA2645,73483.685
228,B046FCAA27B9,52202.862
229,B046FCAA5FFB,104589.691
230,B046FCAAF792,55029.91100000001
231,B046FCAAF872,3525.715
232,B046FCAAF97A,110911.58000000005
233,B046FCAAF9C4,795620.0970000003
234,B046FCAAFA40,201876.573
235,B046FCAAFA8B,65343.75400000001
236,B046FCAAFADB,491053.4260000006
237,B046FCAAFB63,86483.55599999991
238,B046FCAAFBF8,4618.415
239,B046FCAAFC93,358418.966
240,B046FCAAFC99,123397.5929999999
241,B046FCAAFCAB,122134.62899999994
242,B046FCAAFCB3,89952.08099999996
243,B046FCAAFCB4,169995.91700000007
244,B046FCAAFCB5,185845.93700000012
245,B046FCAAFCB6,133633.68200000006
246,B046FCAAFCB7,40839.926
247,B046FCAAFCD0,180555.233
248,B046FCAAFDC5,12.575
249,B046FCAAFE95,57867.61899999998
250,B046FCAAFEBF,38947.6
251,B046FCAAFEC9,35232.626000000004
252,B046FCAAFF3D,29394.24
253,B046FCAAFF56,14885.017000000002
254,B046FCAAFFAA,33633.78300000002
255,B046FCAB0062,303.1740000000001
256,B046FCAB024C,136917.9189999999
257,B046FCAB02A5,147464.02399999998
258,B046FCAB0310,162939.52800000002
259,B046FCAB0320,0.0
260,B046FCAB0422,29394.091
261,B046FCAB0529,19745.954
262,B046FCAB0538,128465.05699999999
263,B046FCAB0707,98455.55600000004
264,B046FCAB077F,255248.71899999995
265,B046FCAB0781,112137.17500000002
266,B046FCAB07F9,33155.856
267,B046FCAB0983,14800.366999999998
268,B046FCAB09A5,154310.29200000002
269,B046FCAB09C5,40140.425
270,B046FCAB09D8,126.156
271,B046FCAB0B1A,87020.50999999995
272,B046FCAB0B90,803581.2299999999
273,B046FCAB0C81,214761.66500000004
274,B046FCAB0C97,88598.844
275,B046FCAB0DE9,247785.33699999985
276,B046FCAB0EE9,74237.064
277,B046FCAB0F40,45058.59099999999
278,B046FCAB0F45,32623.04700000001
279,B046FCAB103D,36277.761
280,B046FCAB10A3,67323.74999999999
281,B046FCAB10C2,102881.801
282,B046FCAB10CD,188.355
283,B046FCAB11E1,84600.58000000003
284,B046FCAB11E6,169201.23699999994
285,B046FCAB125B,150897.24
286,B046FCAB1291,0.0
287,B046FCAB12C6,180807.88499999995
288,B046FCAB12D2,211346.328
289,B046FCAB1350,266060.9119999999
290,B046FCAB13E8,175754.46399999998
291,B046FCAB142D,114217.81599999999
292,B046FCAB142F,550535.368
293,B046FCAB1434,182919.59599999996
294,B046FCAB14B5,32364.936000000005
295,B046FCAB14F4,260287.46900000004
296,B046FCAB156F,206793.40499999988
297,B046FCAB1590,293152.54499999987
298,B046FCAB1641,6244.266000000001
299,B046FCAB1822,24430.306000000004
300,B046FCAB18BF,23423.857000000004
301,B046FCAB19A2,236359.96100000004
302,B046FCAB19EB,72952.21099999997
303,B046FCAB1A30,890.355
304,B046FCAB1A68,49781.59499999999
305,B046FCAB1A7E,107124.92799999996
306,B046FCAB1ADB,23771.558
307,B046FCAB1AE4,149386.60099999994
308,B046FCAB1BB3,364858.79600000003
309,B046FCAB1BC9,420316.49299999967
310,B046FCAB1C51,125617.76599999995
311,B046FCAB1CCB,37133.95499999998
312,B046FCAB1D65,61084.344000000005
313,B046FCAB1D9D,86473.08099999999
314,B046FCAB1DFD,273418.12499999994
315,B046FCAB1E65,0.0
316,B046FCAB6705,364.98800000000006
317,B046FCAB6735,109847.538
318,B046FCAB6776,51221.01
319,B046FCAB67E3,55932.79800000003
320,B046FCAB687B,0.0
321,B046FCAB6943,60390.93000000001
322,B046FCAB694F,67358.89900000003
323,B046FCAB698F,57057.41500000001
324,B046FCAB69CC,14696.746
325,B046FCAB6A89,29732.069
326,B046FCAB6AFF,391815.0509999999
327,B046FCAB6C73,233459.085
328,B046FCAB6D1D,226766.79600000012
329,B046FCAB6DB4,111351.04199999994
330,B046FCAB6DB5,169503.67199999993
331,B046FCAB6E74,7284.4169999999995
332,B046FCAB6F25,119610.808
333,B046FCAB6F57,62940.21699999997
334,B046FCAB6F78,44997.48200000002
335,B046FCAB7054,30156.137000000002
336,B046FCAB70C8,0.0
337,B046FCAB7150,37449.112
338,B046FCAB71D6,990977.7960000014
339,B046FCAB7391,65472.39399999997
340,B046FCAB7418,391953.98400000046
341,B046FCAB7492,191425.70699999988
342,B046FCAB7527,44823.30299999999
343,B046FCAB759B,679729.9310000003
344,B046FCAB75A8,4214.928
345,B046FCAB75CB,104737.05
346,B046FCAB75E0,76869.56399999997
347,B046FCAB7816,611164.6860000002
348,B046FCAB794F,14697.032
349,B046FCAB79AA,170503.43400000007
350,B046FCAB79D1,3499.5110000000013
351,B046FCAB8096,310362.42699999997
352,B046FCAB83C7,0.0
353,B046FCAB83E8,748011.4029999994
354,B046FCAB8538,21732.464
355,B046FCAB8559,343770.244
356,B046FCAB8598,191426.37799999988
357,B046FCAB87F3,405049.87399999984
358,B046FCAB87F5,71354.52099999995
359,B046FCAB8824,466378.0670000002
360,B046FCAB88AF,460539.53800000006
361,B046FCAB8979,8583.86
362,B046FCAB89A2,9573.948
363,B046FCAB89AC,62306.61
364,B046FCAB8C6D,21.52
365,B046FCAB8CC1,293166.264
366,B046FCAB8D4E,0.0
367,B046FCAB8E47,399718.8370000004
368,B046FCAB8E4A,288602.04700000014
369,B046FCAB8EB4,272366.12300000014
370,B046FCAB8F11,87936.50099999999
371,B046FCAB8FFE,692957.5399999992
372,B046FCAB90AE,127194.757
373,B046FCAB914E,170946.09100000001
374,B046FCABDDFB,54031.50399999998
375,B046FCABDE9B,110853.32300000006
376,B046FCABDEBD,83105.92200000004
377,B046FCABDF90,8718.610999999999
378,B046FCABE0A4,72232.41300000003
379,B046FCABE1C2,888194.8809999999
380,B046FCABE36B,18199.058999999997
381,B046FCABE635,473655.9550000001
382,B046FCABE6F9,7541.068999999998
383,B046FCABE92C,144298.16800000015
384,B046FCABE9BB,121734.216
385,B046FCABEA6A,122739.94299999994
386,B046FCABEAC8,183291.65799999988
387,B046FCABEB60,266619.35100000014
388,B046FCABED45,105263.07499999992
389,B046FCABED6C,29892.647999999997
390,B046FCABEDAF,33712.958
391,B046FCABEDE3,126396.19599999998
392,B046FCABEDEA,72666.87700000001
393,B046FCABEE1E,0.0
394,B046FCABEEA2,294707.6410000002
395,B046FCABEF0C,457223.8709999999
396,B046FCABEFA3,68679.36200000002
397,B046FCABEFB4,104342.34700000002
398,B046FCABEFB6,260915.94399999987
399,B046FCABEFE8,168536.75599999994
400,B046FCABF159,0.0
401,B046FCAC0925,635.51
402,B046FCAC095E,95862.61799999996
403,B046FCAC0965,102656.25299999994
404,B046FCAC0966,260690.915
405,B046FCAC09F0,17013.656000000003
406,B046FCAC09FB,9758.004
407,B046FCAC0A32,87340.34300000001
408,B046FCAC0A40,135770.889
409,B046FCAC0B0E,167829.85699999993
410,B046FCAC0B1C,13964.662
411,B046FCAC0BAD,22977.494
412,B046FCAC0CD6,57966.93400000001
413,B046FCAC0CE7,28906.328000000005
414,B046FCAC0DC1,161499.56399999998
415,B046FCAC0F0F,184228.408
416,B046FCAC0F8C,100435.51800000004
417,B046FCAC0FFB,123095.39800000006
418,B046FCAC1153,65447.80899999997
419,B046FCAC11DA,313856.7389999999
420,B046FCAC125F,0.0
421,B046FCAC13BA,220350.12999999992
422,B046FCAC1419,329616.942
423,B046FCAC145A,509.469
424,B046FCAC1567,117292.0560000001
425,B046FCAC15B5,130653.16400000002
426,B046FCAC15E3,53315.08900000002
427,B046FCAC1752,26903.973000000005
428,B046FCAC1878,0.0
429,B046FCAC187B,228623.20000000013
430,B046FCAC192D,129213.934
431,B046FCAC1A85,634.6759999999999
432,B046FCAC1A90,70070.56199999999
433,B046FCAC1AF2,721817.712
434,B046FCAC1C0D,5370.781999999998
435,B046FCAC1C32,131582.37
436,B046FCAC1CD4,218843.05
437,B046FCAC1CF2,28698.305000000004
438,B046FCAC78CA,4683.584
439,B046FCAC7A18,358235.0990000001
440,B046FCAC7ACF,273004.3310000001
441,B046FCAC7C0C,29881.405
442,B046FCAC7D59,77175.86099999998
443,B046FCAC7D75,12355.68
444,B046FCAC7ED3,21.833
445,B046FCAC7F23,161724.53999999998
446,B046FCAC7F24,40907.947000000015
447,B046FCAC7F26,267509.916
448,B046FCAC8004,89077.06400000004
449,B046FCAC8131,44850.038
450,B046FCAC81EC,494523.9969999997
451,B046FCAC841E,173813.7680000001
452,B046FCAC8658,36677.883999999984
453,B046FCAC86D9,2905.066
454,B046FCAC8721,15378.639
455,B046FCAC8771,265337.7330000001
456,B046FCAC8791,303054.56800000026
457,B046FCAC8860,3768.325
458,B046FCAC886B,66676.18599999999
459,B046FCAC898A,163247.16199999995
460,B046FCAC8B1E,76578.94399999999
461,B046FCAC8C05,702383.6439999996
462,B046FCAC8C08,125985.84399999988
463,B046FCAC8C4C,107637.408
464,B046FCACA083,90796.64299999998
465,B046FCACA0F0,77895.12700000002
466,B046FCACA1CF,53501.795999999995
467,B046FCACA313,96796.63199999998
468,B046FCACA347,77259.97200000001
469,B046FCACA369,69486.56
470,B046FCACA468,155056.3830000001
471,B046FCACA491,183653.89699999988
472,B046FCACA514,14696.711
473,B046FCACA75C,270775.18199999986
474,B046FCACA75F,25031.206000000002
475,B046FCACA790,249226.05300000004
476,B046FCACA7C7,50943.16100000002
477,B046FCACAA32,302494.40699999983
478,B046FCACAA60,154588.90299999993
479,B046FCACAA64,63723.10799999999
480,B046FCACAA71,299194.35599999985
481,B046FCACAA82,55705.823
482,B046FCACAADF,225291.33300000013
483,B046FCACAC8F,61448.38
484,B046FCACACCD,118191.55000000006
485,B046FCACAF52,114729.53600000002
486,B046FCACB116,278373.949
487,B046FCACB15E,34918.698
488,B046FCACB167,159865.28100000005
489,B046FCACB3E2,21254.112
490,B046FCACB3FD,181626.028
491,B046FCACB487,76078.60900000001
492,B046FCACB4A5,35.13
493,B046FCACB5B6,34836.38600000001
494,B046FCACB61D,99016.764
495,B046FCACB8EF,12347.446999999995
496,B046FCACB8FC,57803.10499999999
497,B046FCACB900,41413.45699999999
498,B046FCACB913,52805.05900000001
499,B046FCACBA44,451.17400000000004
500,B046FCACBAFE,115495.75600000008
501,B046FCACBCFB,20740.19
502,B046FCACBE4E,38551.77700000002
503,B046FCACBE63,52908.86899999998
504,B046FCACBE6B,146951.70200000002
505,B046FCACBF4B,85521.44999999995
506,B046FCACC03F,14695.539
507,B046FCACC054,137328.96399999998
508,B046FCACC09D,71294.915
509,B046FCACC2EF,222844.60800000012
510,B046FCACC3D6,96304.97999999994
511,B046FCACC3ED,143998.00099999993
512,B046FCACC4C1,15659.052999999998
513,B046FCACC5D9,268.626
514,B046FCACC6A9,110669.528
515,B046FCACC783,14697.09
516,B046FCACC794,58787.467
517,B046FCACDA29,218687.485
518,B046FCACDD1D,279274.673
519,B046FCACDE4B,5550.585
520,B046FCACDF75,69921.13599999997
521,B046FCACE042,33677.195000000014
522,B046FCACE08A,248546.5159999999
523,B046FCACE1C8,280757.24800000014
524,B046FCACE1CA,253858.02999999988
525,B046FCACE258,126979.23200000006
526,B046FCACE68D,100432.89499999996
527,B046FCACE6E2,0.0
528,B046FCACE7E2,93946.34900000002
529,B046FCACE8AB,338076.352
530,B046FCACEB72,0.0
531,B046FCAD0CBA,14696.751
532,B046FCAD0D5E,0.0
533,B046FCAD0D61,528537.3879999998
534,B046FCAD0D67,218912.288
535,B046FCAD1075,1027409.3260000005
536,B046FCAD115B,27376.95000000002
537,B046FCAD1197,3785.1969999999988
538,B046FCAD11F1,81116.07100000005
539,B046FCAD12BE,35581.33399999999
540,B046FCAD12E8,9326.069
541,B046FCAD1490,730605.615
542,B046FCAD14C1,55072.705999999984
543,B046FCAD1A72,466058.863
544,B046FCAD1AB7,136.303
545,B046FCAD1AC0,20678.146
546,B046FCAD1BAA,44507.299000000006
547,B046FCAD1BC3,99419.71500000004
548,B046FCAD1D72,52721.85599999999
549,B046FCAD1DE8,906109.2210000014
550,B046FCAD1EEA,31278576.739
551,B046FCAD3022,2861009.3880000007
552,B046FCAD315C,173332.38999999996
553,B046FCAD31E2,59332.345
554,B046FCAD3200,257245.80799999996
555,B046FCAD3335,60603.68600000001
556,B046FCAD3384,63278.258000000016
557,B046FCAD33A8,12975.388
558,B046FCAD33D4,157165.59600000005
559,B046FCAD3427,13718.478000000005
560,B046FCAD363B,31619.514000000006
561,B046FCAD363D,80163.87700000002
562,B046FCAD3687,65162.49100000001
563,B046FCAD370A,177013.85999999996
564,B046FCAD3711,75595.898
565,B046FCAD37AA,254237.21
566,B046FCAD37AE,539086.4240000001
567,B046FCAD3875,33895.10400000001
568,B046FCAD395A,141639.37300000008
569,B046FCAD399C,788988.224
570,B046FCAD3A35,7967.683000000001
571,B046FCAD3D2C,102243.85300000002
572,B046FCAD3D4F,0.0
573,B046FCAD3DE5,61658.37900000003
574,B046FCAD3F3A,77245.101
575,B046FCAD3F3F,347633.02399999986
576,B046FCAD3FD5,29393.941000000003
577,B046FCAD402A,63125.63200000001
578,B046FCAD7702,48319.35400000002
579,B046FCAD780B,35275.48000000002
580,B046FCAD79EB,35203.522000000004
581,B046FCAD79F7,183307.11099999998
582,B046FCAD7A58,35.50199999999999
583,B046FCAD7B3E,97551.43800000004
584,B046FCAD7C34,593577.0359999997
585,B046FCAD7C69,13375.359
586,B046FCAD7C8D,6020.055
587,B046FCAD7DE5,157312.75899999985
588,B046FCAD7FE0,102877.492
589,B046FCAD80FC,109565.88999999998
590,B046FCAD810C,583160.5660000005
591,B046FCAD834D,134299.789
592,B046FCAD8379,111598.53700000008
593,B046FCAD839E,47039.02100000003
594,B046FCAD869B,4577.042
595,B046FCAD8739,1615624.739
596,B046FCAD87B6,3113.446
597,B046FCAD87D5,68267.144
598,B046FCAD87F2,74529.46399999999
599,B046FCAD8842,21720.541999999994
600,B046FCAD8A2A,391119.6630000002
601,B046FCAD8ACB,174504.5860000001
602,B046FCAD8ACE,2462.956
603,B046FCAD8BCD,67932.12199999999
604,B046FCAD8C5B,118829.535
605,B046FCAD8DBB,56383.878000000026
606,B046FCAD8DC8,55346.61399999998
607,B046FCAD8F6F,179251.36099999968
608,B046FCAD8FD3,272530.9910000001
609,B046FCAD904B,182006.79200000004
610,B046FCAD9053,23255.73000000001
611,B046FCAD905C,57038.78400000001
612,B046FCAD907F,382.434
613,B046FCAD9184,761003.3280000008
614,B046FCAD91B9,273561.8079999999
615,B046FCAD9312,2045.3039999999999
616,B046FCAD9756,237599.81299999988
617,B046FCAD981A,46542.75600000002
618,B046FCAD9837,150949.32800000007
619,B046FCAD9839,141190.28300000002
620,B046FCAD9874,207137.84399999992
621,B046FCAD9938,357674.68900000025
622,B046FCAD994F,48948.16600000001
623,B046FCAD99A0,0.0
624,B046FCAD9A6A,292450.12899999996
625,B046FCAD9B70,47036.993
626,B046FCAD9B7D,283457.64000000013
627,B046FCAD9CD7,265025.72600000014
628,B046FCAD9D6C,6619.196000000003
629,B046FCADB26C,277891.74000000005
630,B046FCADB4D9,0.0
631,B046FCADB50F,169600.10599999994
632,B046FCADB88E,34378.910999999986
633,B046FCADB960,163351.63700000005
634,B046FCADBAF1,6819.559
635,B046FCADBBCA,111432.74900000004
636,B046FCADBBCB,155867.79999999993
637,B046FCADBD87,103482.65900000004
638,B046FCADBEAB,11426.274
639,B046FCADBF73,193977.12999999995
640,B046FCADBF9A,21084.689
641,B046FCADBFE0,44933.97199999998
642,B046FCADC01E,53174.06800000001
643,B046FCADC07A,4776.157
644,B046FCADC0CC,285255.6770000002
645,B046FCADC114,34796.655
646,B046FCADC199,333139.0530000002
647,B046FCADC240,135986.8
648,B046FCADC482,17577.092
649,B046FCADC4AF,46970.43500000001
650,B046FCADC603,27139.068
651,B046FCADC72A,307986.42899999995
652,B046FCADC7F3,137425.08800000002
653,B046FCADCFD3,141464.712
654,B046FCADD4C1,139117.99700000006
655,B046FCADD50F,58782.867999999995
656,B046FCADD709,27693.088
657,B046FCADD818,16835.981
658,B046FCADDC72,50686.40299999999
659,B046FCADDDAA,185929.56799999997
660,B046FCADDED5,42453.95199999998
661,B046FCADDF0C,19450.518
662,B046FCADDF49,74623.89200000004
663,B046FCADDFA3,12996.607
664,B046FCAE28DF,326218.70899999986
665,B046FCAE2B23,27848.162000000004
666,B046FCAE2B6F,14695.371
667,B046FCAE2CE5,294178.995
668,B046FCAE2D57,184614.7590000001
669,B046FCAE2D74,157235.55000000016
670,B046FCAE2DA0,154586.89399999994
671,B046FCAE2F71,198.848
672,B046FCAE328A,92286.34700000002
673,B046FCAE32A4,134922.44400000005
674,B046FCAE32AB,219570.038
675,B046FCAE332A,4102.213000000002
676,B046FCAE332B,111089.03800000002
677,B046FCAE33A3,20037.691000000006
678,B046FCAE3458,95770.437
679,B046FCAE3460,16798.659999999996
680,B046FCAE34CC,768641.2140000005
681,B046FCAE382D,17638943.020000007
682,B046FCAE3944,58963.56000000001
683,B046FCAE3A08,202338.32599999997
684,B046FCAE3A0A,323848.7499999999
685,B046FCAE5418,79740.66099999996
686,B046FCAE5502,45040.72900000003
687,B046FCAE5642,39684.62099999997
688,B046FCAE5701,9.059
689,B046FCAE5743,20864.379
690,B046FCAE575C,149818.476
691,B046FCAE5AE6,86138.09399999997
692,B046FCAE5B21,902.69
693,B046FCAE5D63,21787.367
694,B046FCAE5E8D,14697.273
695,B046FCAE6282,14696.741000000002
696,B046FCAE62F5,86009.01800000004
697,B046FCAE63FA,118136.40900000006
698,B046FCAE644D,19730.378
699,B046FCAE6470,452138.0720000001
700,B046FCAE662A,51111.83699999999
701,B046FCAE666A,166900.10800000007
702,B046FCAE66ED,34679.78099999999
703,B046FCAECB22,359701.1110000003
704,B046FCAECB39,127173.69599999998
705,B046FCAECB65,507235.0139999999
706,B046FCAECB95,119164.95800000001
707,B046FCAECD0B,64547.666
708,B046FCAECDFE,0.0
709,B046FCAECE4B,6594.915
710,B046FCAED1D5,176.08
711,B046FCAED33D,50684.51000000001
712,B046FCAED37C,80243.789
713,B046FCAED43D,30814.994
714,B046FCAED4A6,147501.65399999992
715,B046FCAED6A1,14762.641999999998
716,B046FCAED7F7,1531576.3019999997
717,B046FCAED9FC,0.0
718,B046FCAEDB5E,1606810.880000001
719,B046FCAEDBE9,252894.85599999988
720,B046FCAEDC40,1789.639
721,B046FCAEDC44,44209.23499999999
722,B046FCAEDDC2,1203910.118
723,B046FCAEDEBF,93338.716
724,B046FCAEDFE2,64534.35099999999
725,B046FCAEE072,11350.777999999998
726,B046FCAEE08F,48369.48699999997
727,B046FCAEE1A1,196612.85100000005
728,B046FCAEE1DE,16.719
729,B046FCAEE329,151443.40300000002
730,B046FCAEE3C7,45239.76400000004
731,B046FCAEE471,473692.00899999967
732,B046FCAEE6B1,9752.477
733,B046FCAEE717,14697.072
734,B046FCAEE755,242470.97200000004
735,B046FCAEE882,264560.40400000004
736,B046FCAEEB41,82160.522
737,B046FCAEED1E,203847.13299999997
738,B046FCAEED3D,50040.02500000003
739,B046FCAEED79,359549.68400000007
740,B046FCAEEDBD,65301.55100000001
741,B046FCAEEDCE,2683.949
742,B046FCAEEDEA,243808.122
743,B046FCAEEDF7,0.0
744,B046FCAEEE38,75646.71699999999
745,B046FCAEEE43,171059.14600000007
746,B046FCAEF018,429978.0039999999
747,B046FCAF137C,62420.81600000003
748,B046FCAF1684,404.19500000000005
749,B046FCAF1699,34566.51100000002
750,B046FCAF1853,29394.126
751,B046FCAF190C,20018.45300000001
752,B046FCAF1ACF,484090.2090000002
753,B046FCAF1B48,45434.00600000002
754,B046FCAF1CA6,0.0
755,B046FCAF1CD1,118721.39900000002
756,B046FCAF1E70,65098.06100000003
757,B046FCAF1E7E,0.0
758,B046FCAF207B,180552.01900000003
759,B046FCAF2161,65241.73200000003
760,B046FCAF217A,66030.17799999999
761,B046FCAF2311,1056.947
762,B046FCAF237F,89391.26700000002
763,B046FCAF23F3,56368.49400000001
764,B046FCB158D5,272946.1309999999
765,B046FCB159F2,36056.72700000002
766,B046FCB15A8C,126217.7990000001
767,B046FCB15A90,18853.011000000002
768,B046FCB15AD5,74514.785
769,B046FCB15B52,71270.02599999997
770,B046FCB15B6A,451987.3899999999
771,B046FCB15CE4,24191.97100000002
772,B046FCB15D08,4152.942999999998
773,B046FCB15D0C,21308.320000000003
774,B046FCB15D33,10050.39
775,B046FCB15FAB,201397.226
776,B046FCB15FCC,68833.281
777,B046FCB160B3,86538.91999999997
778,B046FCB16135,24710.334000000006
779,B046FCB161AA,52643.43099999998
780,B046FCB162EE,15.701
781,B046FCB16317,14278.498
782,B046FCB1637F,46092.25700000001
783,B046FCB16495,52.068999999999996
784,B046FCB16623,69365.37999999996
785,B046FCB16635,64054.33500000003
786,B046FCB166F0,0.0
787,B046FCB16739,2114.475
788,B046FCB16854,14321.68
789,B046FCB16874,150954.04899999988
790,B046FCB1687A,78190.43400000004
791,B046FCB168FE,167865.60300000006
792,B046FCB16C09,18971.217
793,B046FCB16E4A,29394.456
794,B046FCB16EB6,44092.731
795,B046FCB1704F,65450.19900000004
796,B046FCB172E6,26841.988999999998
797,B046FCB172EA,75081.473
798,B046FCB17460,550369.7729999999
799,B046FCB174EE,109051.23600000002
800,B046FCB175D7,408959.29800000007
801,B046FCB17745,9412.383999999998
802,B046FCB1793C,31231.694999999985
803,B046FCB17A83,4593.676
804,B046FCB17BDF,161373.03999999998
805,B046FCB17BE3,45854.83200000001
806,B046FCB17C1C,37281.375
807,B046FCB17C3C,312246.05000000005
808,B046FCB17DA5,90932.925
809,B046FCB17DB9,95285.252
810,B046FCB17E8F,84809.86699999995
811,B046FCB18059,41803.24300000002
812,B046FCB19558,0.0
813,B046FCB195DB,44756.94499999999
814,B046FCB19638,137390.033
815,B046FCB1965C,65666.22200000005
816,B046FCB196E9,141081.691
817,B046FCB197D8,113099.36300000008
818,B046FCB19812,25781.97699999999
819,B046FCB19849,238600.869
820,B046FCB199C4,84735.62400000001
821,B046FCB19AF2,118470.88799999998
822,B046FCB19C0E,114080.03999999998
823,B046FCB19D09,44091.503
824,B046FCB19D45,44091.324
825,B046FCB19FB6,268909.1790000001
826,B046FCB1A045,179.582
827,B046FCB1A559,5390.998000000001
828,B046FCB1A5CA,6986.265
829,B046FCB1A5CE,107783.88299999996
830,B046FCB1A5CF,125443.021
831,B046FCB1A67E,391203.37499999994
832,B046FCB1A707,147181.59300000008
833,B046FCB1AA1D,55765.81000000002
834,B046FCB1AA6D,445315.69500000007
835,B046FCB1AC16,585207.7350000001
836,B046FCB1AE9F,14697.344
837,B046FCB1AF25,76559.16400000005
838,B046FCB1B40A,108104.995
839,B046FCB1B4EC,9993.217000000004
840,B046FCB1B553,33644.465
841,B046FCB1B69B,107070.842
842,B046FCB1B79A,290846.7230000001
843,B046FCB1B90F,59950.83499999999
844,B046FCB1BA24,0.0
845,B046FCB1BB23,24456.145
846,B046FCB1D461,279199.7359999998
847,B046FCB1D526,108069.379
848,B046FCB1D819,220496.24
849,B046FCB1DAAF,44091.582
850,B046FCB1DD55,120647.39900000002
851,B046FCB1DE9C,129653.29200000006
852,B046FCB1DEF6,73611.133
853,B046FCB1DFCD,32531.825
854,B046FCB1E00F,53720.34899999999
855,B046FCB1E049,93926.66700000004
856,B046FCB1E0CE,30686.424000000006
857,B046FCB1E12E,135049.45399999994
858,B046FCB1E1A6,402540.4989999999
859,B046FCB1E240,358.65
860,B046FCB1E494,0.0
861,B046FCB1E4B3,44305.19700000002
862,B046FCB1E57B,309735.503
863,B046FCB1E633,112510.19799999996
864,B046FCB1FF31,391409.06700000033
865,B046FCB20081,0.0
866,B046FCB201F0,178876.232
867,B046FCB2040F,154132.409
868,B046FCB20690,84161.77599999997
869,B046FCB2080F,682925.7780000003
870,B046FCB209E8,5834165.989999998
871,B046FCB20BFC,36560.598
872,B046FCB20C50,40534.962999999996
873,B046FCB20C73,323162.7960000002
874,B046FCB20CA0,287217.69399999967
875,B046FCB20CF4,70976.01499999997
876,B046FCB20D2E,14696.989
877,B046FCB20DBA,2049.638
878,B046FCB21118,22971.522000000004
879,B046FCB21CE0,252684.35600000003
880,B046FCB21F97,25988.05499999997
881,B046FCB22117,239218.78200000004
882,B046FCB221BC,44212.681
883,B046FCB221C3,0.0
884,B046FCB2258A,165451.31300000008
885,B046FCB2271D,2125.599
886,B046FCB2274D,74021.495
887,B046FCB22AE3,484348.005
888,B046FCB22F15,58916.727
889,B046FCB22F4D,606138.764
890,B046FCB2306A,44741.78500000001
891,B046FCB233C4,14695.254
892,B046FCB233EC,327770.49600000004
893,B046FCB23460,49621.387
894,B046FCB237C0,63994.47499999997
895,B046FCB237F9,29436.072
896,B046FCB23D18,75370.61900000004
897,B046FCB23E2C,249450.154
898,B046FCB23E4B,922153.8510000005
899,B046FCB23F08,210654.55599999992
900,B046FCB24013,943.841
901,B046FCB2402A,309714.4010000001
902,B046FCB24044,200510.0509999997
903,B046FCB2430D,15753.150999999998
904,B046FCB250DB,46200.87099999999
905,B046FCB25217,1716.8280000000002
906,B046FCB2521F,56327.948000000026
907,B046FCB2564A,15293.339999999998
908,B046FCB25964,37903.410000000025
909,B046FCB25966,111459.27000000003
910,B046FCB259C8,2898.302
911,B046FCB25A46,78006.522
912,B046FCB25A4B,133623.86900000006
913,B046FCB25BB4,1553767.9869999983
914,B046FCB25BC5,6165.957999999999
915,B046FCB25C0F,50701.566
916,B046FCB25D95,28441.903999999984
917,B046FCB26025,138101.05000000002
918,B046FCB26126,2072.514
919,B046FCB26405,115352.825
920,B046FCB27444,550894.1950000001
921,B046FCB276E7,279276.68999999994
922,B046FCB278A0,5624.819000000001
923,B046FCB27D76,117035.19300000006
924,B046FCB280BF,29394.103000000006
925,B046FCB2829D,45270.22200000001
926,B046FCB28316,0.0
927,B046FCB2836D,4271.395
928,B046FCB28577,213283.38299999986
929,B046FCB285DA,822142.0379999995
930,B046FCB2862A,178902.98500000004
931,B046FCB2862C,201841.57800000013
932,B046FCB287A8,59052.62600000001
933,B046FCB289FC,12370.802
934,B046FCB28BCA,1862656.642
935,B046FCB28C1C,162938.419
936,B046FCB28C3A,75818.80899999996
937,B046FCB28EF6,256209.50699999995
938,B046FCB2925D,2823.5009999999997
939,B046FCB2927A,869.6469999999999
940,B046FCB2949E,1455.9260000000002
941,B046FCB294DD,59299.66000000001
942,B046FCB2960E,338053.4629999997
943,B046FCB297AA,468.947
944,B046FCB2984A,39795.91600000002
945,B046FCB29850,83026.58600000002
946,B046FCB29927,285104.82099999994
947,B046FCB2B005,0.0
948,B046FCB2B26F,122857.265
949,B046FCB2B5BC,29539.302
950,B046FCB2BAF4,668787.5169999999
951,B046FCB2BB2F,661388.9069999997
952,B046FCB2BC86,83673.00499999998
953,B046FCB2BCA2,1505007.4019999998
954,B046FCB2C319,20303.834000000006
955,B046FCB2C4DC,292659.19
956,B046FCB2C510,58.41
957,B046FCB2C63D,156585.82800000007
958,B046FCB2C694,15288.453000000001
959,B046FCB2C70F,22761.81
960,B046FCB2CB2B,936002.665
961,B046FCB2CC19,6767.465000000001
962,B046FCB2D3C7,68500.261
963,B046FCB2D3DE,52937.53
964,B046FCB2D41A,14770.562
965,B046FCB2D624,91920.36
966,B046FCB2D7BC,26529.625
967,B046FCB2DD4E,5903.261
968,B046FCB2DDE8,128935.98799999994
969,B046FCB2DEEF,41497.609
970,B046FCB2DEF0,91250.45800000004
971,B046FCB2DFE7,64797.755
972,B046FCB2E04F,50124.08899999999
973,B046FCB2E21E,141970.29999999993
974,B046FCB2E303,85642.48099999999
975,B046FCB2E5F9,138179.69199999998
976,B046FCB2E6FF,705460.5630000003
977,B046FCB2E744,157276.56500000006
978,B046FCB2E7E4,370156.70100000006
979,B046FCB2E830,95937.24100000002
980,B046FCB2E8EB,15227.911
981,B046FCB2E8F4,1518.625
982,B046FCB2EA68,20642.34100000002
983,B046FCB2EA8A,136506.3749999999
984,B046FCB30861,114189.36899999995
985,B046FCB30908,19935.334999999992
986,B046FCB3092C,14697.024
987,B046FCB3093B,6087.101999999997
988,B046FCB30992,13446.069
989,B046FCB30A05,92951.82099999998
990,B046FCB30A53,133898.37300000002
991,B046FCB30A66,584553.1429999997
992,B046FCB30AB5,61374.15399999999
993,B046FCB30B77,267407.558
994,B046FCB30B8B,0.0
995,B046FCB30DA3,121460.08600000005
996,B046FCB30F77,44266.03899999999
997,B046FCB314D0,21417.534000000007
998,B046FCB317B9,423134.1600000001
999,B046FCB317EC,411191.90900000016
1000,B046FCB31D06,453042.75900000025
1001,B046FCB31E18,29604.042
1002,B046FCB31E70,9229.459
1003,B046FCB31E72,0.0
1004,B046FCB320DD,198002.532
1005,B046FCB3233A,845044.8459999998
1006,B046FCB32501,31793.58300000001
1007,B046FCB32719,19186.54600000001
1008,B046FCB328F7,94072.35599999996
1009,B046FCB32939,61545.515
1010,B046FCB3295C,62581.23
1011,B046FCB32AF5,2413508.374
1012,B046FCB32AF8,14697.004
1013,B046FCB32C23,123123.35999999994
1014,B046FCB3463E,13343.618999999995
1015,B046FCB3479D,60794.21300000001
1016,B046FCB34877,117567.778
1017,B046FCB34A3B,352950.916
1018,B046FCB34BD2,113417.33400000006
1019,B046FCB34FAC,21659.082999999995
1020,B046FCB35111,60073.77099999999
1021,B046FCB35118,15052.235
1022,B046FCB3525A,16419.18500000001
1023,B046FCB353D2,68749.61000000009
1024,B046FCB355BE,49601.34100000002
1025,B046FCB35652,21901.500000000004
1026,B046FCB3572B,0.0
1027,B046FCB35730,674039.3930000004
1028,B046FCB35A7B,233394.17300000013
1029,B046FCB35FE9,2062.268
1030,B046FCB36175,2950.417
1031,B046FCB361F3,525052.0360000001
1032,B046FCB361F4,1458.0009999999993
1033,B046FCB362A1,82919.968
1034,B046FCB36445,22583.892000000003
1035,B046FCB364E0,145099.49099999983
1036,B046FCB367FE,82706.69399999994
1037,B046FCB3690D,135613.64699999982
1038,B046FCB369E9,49779.33399999998
1039,B046FCB36A42,62004.829000000005
1040,B046FCB378AC,14690.553999999998
1041,B046FCB378D9,184126.771
1042,B046FCB37A09,73788.649
1043,B046FCB37BB7,104691.538
1044,B046FCB38037,17301.448
1045,B046FCB380CB,29749.06
1046,B046FCB382DC,73919.13900000001
1047,B046FCB38384,3116624.5509999976
1048,B046FCB38832,159858.24
1049,B046FCB38A00,23803.155
1050,B046FCB3A35B,111988.16899999998
1051,B046FCB3A594,88414.70399999994
1052,B046FCB3A60F,59629.30200000005
1053,B046FCB3A990,16564.569
1054,B046FCB3B0BC,111836.48200000003
1055,B046FCB3B310,127386.15399999994
1056,B046FCB3B923,439705.9270000003
1057,B046FCB3B95D,120825.12799999994
1058,B046FCB3B9D8,51152.082
1059,B046FCB3BB29,32605.437000000005
1060,B046FCB3BBB9,609747.8970000001
1061,B046FCB3BBCA,266469.07499999984
1062,B046FCB3BC28,67509.86400000003
1063,B046FCB3BD02,208807.23899999997
1064,B046FCB3BEAE,70128.448
1065,B046FCB3BF17,3959.127999999999
1066,B046FCB3BF9E,45001.268
1067,B046FCB3BFCD,17368.539000000008
1068,B046FCB3C0F6,246139.245
1069,B046FCB3C234,295046.17299999995
1070,B046FCB3C270,201330.28000000003
1071,B046FCB3C2B8,16231.22
1072,B046FCB3C318,51688.35000000001
1073,B046FCB3C35B,0.0
1074,B046FCB3C4AA,217397.37600000002
1075,B046FCB3C4E9,125481.54099999994
1076,B046FCB3C555,34449.757999999994
1077,B046FCB3C849,162808.83400000018
1078,B046FCB3DAD2,116569.527
1079,B046FCB3DB12,69165.45200000009
1080,B046FCB3DC6D,137834.241
1081,B046FCB3DEA0,277.376
1082,B046FCB3DF92,63471.69099999999
1083,B046FCB3E0E8,72414.174
1084,B046FCB3E186,876615.5019999999
1085,B046FCB3E307,58859.01700000001
1086,B046FCB3E30E,89665.75800000006
1087,B046FCB3E35B,66727.354
1088,B046FCB3E447,53432.356
1089,B046FCB3E53B,30866.715
1090,B046FCB3E53D,820898.574
1091,B046FCB3E7B4,42248.33599999999
1092,B046FCB3E9C8,91956.709
1093,B046FCB3EA5D,60434.83900000001
1094,B046FCB3EE26,264262.348
1095,B046FCB3F2E7,127602.206
1096,B046FCB3F3E3,148313.511
1097,B046FCB3F882,259801.322
1098,B046FCB3F8D5,152549.57700000008
1099,B046FCB3FA59,43665.15100000003
1100,B046FCB3FB07,3896.944
1101,B046FCB3FD8C,17.842
1102,B046FCB3FE05,95593.70200000003
1103,B046FCB3FF26,104967.80700000002
1104,B046FCB401BC,1060.0369999999998
1105,B046FCB422AC,21420.739
1106,B046FCB42341,0.0
1107,B046FCB42492,57186.687999999944
1108,B046FCB424AA,26314.841
1109,B046FCB424EF,190597.32699999996
1110,B046FCB4267B,88841.48000000008
1111,B046FCB42912,5745.144999999999
1112,B046FCB42931,53345.14100000004
1113,B046FCB42C4E,525962.7599999997
1114,B046FCB42CEB,67740.82099999994
1115,B046FCB44432,222446.83600000004
1116,B046FCB44614,456011.697
1117,B046FCB446BB,42342.71900000002
1118,B046FCB44BC8,227780.30500000017
1119,B046FCB44C5E,21178.10000000001
1120,B046FCB44E35,415.355
1121,B046FCB454F2,11375.225
1122,B046FCB45726,88268.04399999992
1123,B046FCB457AB,1544.5910000000001
1124,B046FCB459AD,178146.47000000012
1125,B046FCB45D07,100834.37200000003
1126,B046FCB45D56,34441.359999999986
1127,B046FCB45F23,0.0
1128,B046FCB46057,23578.192000000003
1129,B046FCB46215,202331.56599999996
1130,B046FCB463B0,648356.4449999997
1131,B046FCB46510,11973.351999999999
1132,B046FCB467E9,104208.06700000002
1133,B046FCB46A07,91362.59499999996
1134,B046FCB46AB8,76860.53999999996
1135,B046FCB46B76,475363.8
1136,B046FCB46DEA,609288.3629999999
1137,B046FCB4713A,20143.10800000002
1138,B046FCB4718A,106803.25600000002
1139,B046FCB472A0,186263.15699999983
1140,B046FCB47875,0.0
1141,B046FCB47885,139048.8459999999
1142,B046FCB47E80,308410.5080000002
1143,B046FCB4941D,246173.17400000003
1144,B046FCB4957D,308860.625
1145,B046FCB496C3,0.0
1146,B046FCB49B94,4387.590999999999
1147,B046FCB4A22B,65766.26999999996
1148,B046FCB4A231,86957.25299999997
1149,B046FCB4A37C,0.0
1150,B046FCB4A4DD,263808.01300000004
1151,B046FCB4BCC8,8318.705
1152,B046FCB4BE52,20485.080000000013
1153,B046FCB4BEC1,68810.39000000001
1154,B046FCB4C031,1610.3950000000007
1155,B046FCB4C78A,17069.433
1156,B046FCB4C8C3,3822.3080000000014
1157,B046FCB4C8DC,6347.188
1158,B046FCB4CF4B,191061.907
1159,B046FCB4CF51,36044.202000000005
1160,B046FCB4D046,46070.11899999998
1161,B046FCB4D132,21.248
1162,B046FCB4D5A5,56861.708
1163,B046FCB4D5A9,36346.337
1164,B046FCB4D9F4,55033.23800000001
1165,B046FCB4DF3C,0.0
1166,B046FCB4DF74,0.0
1167,B046FCB4E9BC,144.87900000000005
1168,B046FCB4ED11,14652.431
1169,B046FCB4EF62,10.113
1170,B046FCB4EFC1,32528.253999999994
1171,B046FCB4F2BD,37210.462
1172,B046FCB4F2CF,682671.7649999999
1173,B046FCB4F2FB,265.423
1174,B046FCB4F440,0.0
1175,B046FCB4F4E1,400310.5800000001
1176,B046FCB4F6FC,226502.88500000013
1177,B046FCB5034E,142888.2799999999
1178,B046FCB503F8,641459.6739999998
1179,B046FCB50E7A,100273.226
1180,B046FCB50EF1,288706.528
1181,B046FCB5165A,145098.34299999994
1182,B046FCB5186E,106963.00800000005
1183,B046FCB518FF,51280.94300000002
1184,B046FCB51904,84302.15999999992
1185,B046FCB51B43,31909.27800000001
1186,B046FCB51CDA,168123.25699999995
1187,B046FCB51D71,49030.91500000002
1188,B046FCB51FA8,36885.26100000001
1189,B046FCB520D4,0.0
1190,B046FCB522C5,82857.51800000001
1191,B046FCB5245A,176732.27599999993
1192,B046FCB525EF,29608.275
1193,B046FCB52637,108853.74700000002
1194,B046FCB52831,30315.62400000001
1195,B046FCB52912,24.628
1196,B046FCB529E3,155949.22900000005
1197,B046FCB52A20,36430.52399999998
1198,B046FCB52ADF,128658.81100000002
1199,B046FCB52B51,54858.18699999998
1200,B046FCB52DA3,100391.653
1201,B046FCB532A5,103390.87600000003
1202,B046FCB53321,44475.585999999996
1203,B046FCB53609,235645.62799999988
1204,B046FCB5372F,599961.9099999997
1205,B046FCB537FD,237155.43599999996
1206,B046FCB538AB,141721.447
1207,B046FCB538D9,14694.9
1208,B046FCB53955,12473.655000000002
1209,B046FCB539F8,79989.05100000006
1210,B046FCB53C16,125649.49299999994
1211,B046FCB53D59,14.09
1212,B046FCB53D5F,109.916
1213,B046FCB53D87,12032.964999999995
1214,B046FCB53E28,40.463
1215,B046FCB53E7E,142172.14200000002
1216,B046FCB55FD8,157579.26099999994
1217,B046FCB560B4,45393.91300000002
1218,B046FCB56146,61986.97899999997
1219,B046FCB564DF,405020.51200000005
1220,B046FCB566C4,185029.40400000016
1221,B046FCB57B82,16377.571000000002
1222,B046FCB57CA7,14696.262
1223,B046FCB57CCB,18581.457
1224,B046FCB57D30,786.217
1225,B046FCB57D56,14900.223999999998
1226,B046FCB5803E,213947.107
1227,B046FCB583B3,20787.60399999998
1228,B046FCB58407,155308.38700000005
1229,B046FCB5840B,99720.76000000004
1230,B046FCB58423,73527.53200000005
1231,B046FCB58435,13207.115999999998
1232,B046FCB584C0,30084.472999999998
1233,B046FCB58642,37949.05100000003
1234,B046FCB5881B,1626.609
1235,B046FCB58943,182877.43899999995
1236,B046FCB58944,56353.08799999999
1237,B046FCB58987,76689.28600000001
1238,B046FCB58A47,0.0
1239,B046FCB58AA6,14312.390999999996
1240,B046FCB58B22,4325.441
1241,B046FCB58B44,61886.13899999999
1242,B046FCB58CF9,646.1830000000001
1243,B046FCB58D38,0.0
1244,B046FCB58E08,179699.88499999992
1245,B046FCB5B869,0.0
1246,B046FCB5BA19,24750.674
1247,B046FCB5BAE7,274357.342
1248,B046FCB5BB91,71635.369
1249,B046FCB5BD46,61375.05099999999
1250,B046FCB5BD48,166018.18300000002
1251,B046FCB5BD67,1061.829
1252,B046FCB5BE74,1526367.9399999997
1253,B046FCB5BFDD,15012.743
1254,B046FCB5C025,411319.491
1255,B046FCB5C701,5156.7620000000015
1256,B046FCB5C828,9870.059
1257,B046FCB5C8C9,37.287
1258,B046FCB5C992,61363.02900000001
1259,B046FCB5CB59,0.0
1260,B046FCB5DB17,117510.21499999998
1261,B046FCB5DCD0,9674.776999999998
1262,B046FCB5DDA4,19958.808000000005
1263,B046FCB5DF85,814.0300000000002
1264,B046FCB5E1F6,94220.26899999996
1265,B046FCB5E50A,285298.135
1266,B046FCB5E581,259928.971
1267,B046FCB5E67E,27451.181999999993
1268,B046FCB5E715,126955.08299999994
1269,B046FCB5E825,1171941.4460000002
1270,B046FCB5E8C1,132291.55800000005
1271,B046FCB5E995,14714.812
1272,B046FCB5E99B,224289.5350000001
1273,B046FCB5E9FD,12119.092000000008
1274,B046FCB5EB83,50.32299999999999
1275,B046FCB5EC5C,489409.69
1276,B046FCB60043,195339.049
1277,B046FCB6032B,168.083
1278,B046FCB60A77,15746.018000000007
1279,B046FCB60B34,139458.54500000007
1280,B046FCB60B8F,11510.721000000001
1281,B046FCB6109E,35566.047999999995
1282,B046FCB610D1,244550.50200000004
1283,B046FCB61158,228582.14399999968
1284,B046FCB611E0,57699.117999999995
1285,B046FCB613A2,389.69
1286,B046FCB613DB,205300.001
1287,B046FCB616F9,43435.374
1288,B046FCB61746,1038.769
1289,B046FCB6187B,141976.9070000001
1290,B046FCB619C7,36005.44599999998
1291,B046FCB61B5D,130058.01199999994
1292,B046FCB61BDC,307.466
1293,B046FCB61FBB,252591.23699999996
1294,B046FCB62075,69520.47999999997
1295,B046FCB620EE,687024.1340000001
1296,B046FCB62119,59607.249
1297,B046FCB621AF,695891.1060000004
1298,B046FCB6265E,59025.012
1299,B046FCB626E5,110501.728
1300,B046FCB6282E,66157.019
1301,B046FCB64578,63.25
1302,B046FCB64A6B,1549.9360000000001
1303,B046FCB64AC7,497249.9210000001
1304,B046FCB691D5,37377.617999999995
1305,B046FCB691EB,66378.12599999999
1306,B046FCB6929E,101614.29799999997
1307,B046FCB6933D,999764.93
1308,B046FCB6939D,73759.23399999995
1309,B046FCB6942E,14988.159999999998
1310,B046FCB6955A,16959.13
1311,B046FCB69710,0.0
1312,B046FCB6990A,136862.93999999992
1313,B046FCB69A6B,99665.54199999994
1314,B046FCB69AAC,15316.848999999995
1315,B046FCB69DED,223316.637
1316,B046FCB69ECD,5.7879999999999985
1317,B046FCB69ED0,137127.20200000005
1318,B046FCB69FB1,65442.15300000001
1319,B046FCB69FD0,0.0
1320,B046FCB6A0CD,58971.864
1321,B046FCB6A1E1,77963.055
1322,B046FCB6A26B,220703.81599999988
1323,B046FCB6A26C,33829.522999999994
1324,B046FCB6A3B3,601.6709999999998
1325,B046FCB6A4D3,110698.28900000003
1326,B046FCB6A740,45144.99900000001
1327,B046FCB6A79A,155033.73500000007
1328,B046FCB6A876,75784.87200000003
1329,B046FCB6AC79,160079.77799999987
1330,B046FCB6AE0E,621731.068
1331,B046FCB6AFAE,0.0
1332,B046FCB6B03D,28254.925
1333,B046FCB6B293,37014.461
1334,B046FCB6B2ED,0.0
1335,B046FCB6B312,33.885000000000005
1336,B046FCB6B37D,15648220.443999995
1337,B046FCB6B38E,153936.979
1338,B046FCB6B510,76171.66900000001
1339,B046FCB6B55F,270742.56999999983
1340,B046FCB6B785,215430.091
1341,B046FCB6B7C3,14912.597000000002
1342,B046FCB6B9F5,219.67700000000002
1343,B046FCB6BAAD,51187.474
1344,B046FCB6BAD3,46960.565
1345,B046FCB6BAF9,354857.1729999999
1346,B046FCB6BAFC,473603.74699999974
1347,B046FCB6BD2B,488631.9489999999
1348,B046FCB6C04D,1504.2219999999998
1349,B046FCB6C07B,114911.739
1350,B046FCB6C200,78235.453
1351,B046FCB6C2A8,107683.52400000003
1352,B046FCB6C359,13214.119000000004
1353,B046FCB6C474,21975.17
1354,B046FCB6C4E2,497614.34599999967
1355,B046FCB6C622,56733.91100000003
1356,B046FCB6C637,0.0
1357,B046FCB6C677,129420.62199999992
1358,B046FCB6C6A4,784820.8500000003
1359,B046FCB6C6C9,9222.180000000002
1360,B046FCB6C742,135157.49500000002
1361,B046FCB6C774,189533.12600000005
1362,B046FCB6C7C5,6935.493000000002
1363,B046FCB6C7F6,92800.08699999996
1364,B046FCB6C878,1969.9280000000006
1365,B046FCB6C927,94593.365
1366,B046FCB6CA2A,56131.19200000001
1367,B046FCB6CC6D,834312.444
1368,B046FCB6CCCF,139471.93399999995
1369,B046FCB6CDDF,62587.73300000002
1370,B046FCB6CF4A,74953.38699999997
1371,B046FCB6D1EE,359161.2460000001
1372,B046FCB6D433,380908.74400000006
1373,B046FCB6D488,214252.48699999985
1374,B046FCB6D4B6,0.0
1375,B046FCB6D4BC,14435.240999999995
1376,B046FCB6D657,294393.18499999994
1377,B046FCB6D65B,14779.731000000002
1378,B046FCB6D9C7,26306.25100000001
1379,B046FCB6DA31,79556.27799999995
1380,B046FCB6DA5C,42019.55799999998
1381,B046FCB6DB37,26106.01199999999
1382,B046FCB6DB8E,46736.992999999995
1383,B046FCB6DF96,106847.37999999996
1384,B046FCB7090C,261451.73299999983
1385,B046FCB70BE3,91.087
1386,B046FCB70C6F,0.0
1387,B046FCB70D98,280035.64300000016
1388,B046FCB70DAD,14696.552
1389,B046FCB70DD9,353.432
1390,B046FCB70DFA,1434207.85
1391,B046FCB70E8B,13.470999999999998
1392,B046FCB70EE7,95256.339
1393,B046FCB70FC0,46692.350999999995
1394,B046FCB710A5,135169.20900000006
1395,B046FCB710AD,8922.247000000001
1396,B046FCB710C6,947279.493
1397,B046FCB7113C,25315.053999999996
1398,B046FCB71189,28073.547000000002
1399,B046FCB7124F,1145971.5090000005
1400,B046FCB712D0,0.0
1401,B046FCB712E5,2225.739
1402,B046FCB713E8,59066.98899999997
1403,B046FCB71663,804022.9470000006
1404,B046FCB716F4,0.0
1405,B046FCB71974,214041.48
1406,B046FCB71A63,300078.00799999986
1407,B046FCB71A66,120985.10899999998
1408,B046FCB71B70,42151.654
1409,B046FCB71BD1,63473.126
1410,B046FCB71C5C,44134.294
1411,B046FCB71D1C,217536.11899999998
1412,B046FCB7225C,175122.51
1413,B046FCB72A26,14702.316000000004
1414,B046FCB72BF9,153205.96399999992
1415,B046FCB72D24,5806.963000000002
1416,B046FCB72D2D,439315.6629999997
1417,B046FCB72DDA,67755.09100000001
1418,B046FCB72DE2,34753.68
1419,B046FCB72E82,14.441
1420,B046FCB73155,282080.245
1421,B046FCB731C2,139134.26999999993
1422,B046FCB731C5,58131.90100000001
1423,B046FCB73261,209893.108
1424,B046FCB733CD,19552.769999999997
1425,B046FCB73448,14711.732
1426,B046FCB7349D,1113.8
1427,B046FCB7362F,119248.09699999998
1428,B046FCB736EE,259257.407
1429,B046FCB736F0,33116.988
1430,B046FCB73782,22465.134
1431,B046FCB737C7,226827.4460000001
1432,B046FCB737D5,49153.46699999999
1433,B046FCB739AC,141695.96199999994
1434,B046FCB73A99,127336.5150000001
1435,B046FCB73ABD,9914.021999999994
1436,B046FCB73DE4,56271.867
1437,B046FCB73F7E,70526.45599999999
1438,B046FCB73F7F,19260.091000000008
1439,B046FCB73F8D,59060.88999999999
1440,B046FCB74036,57231.00900000003
1441,B046FCB7470A,0.0
1442,B046FCB74C3F,29984.472999999998
1443,B046FCB74D49,202.581
1444,B046FCB74DDD,37057.30099999999
1445,B046FCB74E3F,222151.05399999986
1446,B046FCB752E0,99464.55900000002
1447,B046FCB753C0,181007.97399999987
1448,B046FCB75468,223.64300000000003
1449,B046FCB7546C,154136.26300000006
1450,B046FCB754D4,1093.899
1451,B046FCB755F2,3507.254000000001
1452,B046FCB75975,21485.046000000002
1453,B046FCB75A25,29833.76300000001
1454,B046FCB75A45,49047.93500000003
1455,B046FCB75D2A,13956.062999999995
1456,B046FCB75ED5,329.565
1457,B046FCB75F2E,29436.80199999999
1458,B046FCB75FD0,22760.54899999999
1459,B046FCB75FD3,61275.68799999996
1460,B046FCB75FD4,225138.402
1461,B046FCB76015,15438.345
1462,B046FCB7602B,19058.102
1463,B046FCB76035,6228.11
1464,B046FCB76080,49944.93599999998
1465,B046FCB76117,150538.971
1466,B046FCB76123,0.0
1467,B046FCB761C2,48671.607
1468,B046FCB763DF,18171.176000000003
1469,B046FCB764DA,1568.596
1470,B046FCB7674B,173537.57399999994
1471,B046FCB76A43,18572.876
1472,B046FCB76B72,3222.383
1473,B046FCB77EA4,293053.12600000005
1474,B046FCB77F68,49264.55900000002
1475,B046FCB7808B,386342.0579999999
1476,B046FCB78245,110157.49899999994
1477,B046FCB7849D,134734.37800000014
1478,B046FCB7872E,3099.6910000000007
1479,B046FCB787D1,44090.449
1480,B046FCB7889F,27820.76
1481,B046FCB78E96,24688.647
1482,B046FCB78FCD,53523.880999999994
1483,B046FCB792F6,35097.950999999994
1484,B046FCB793B8,0.0
1485,B046FCB79450,60.978
1486,B046FCB7949F,127578.16699999999
1487,B046FCB79523,51.049
1488,B046FCB79541,45152.46
1489,B046FCB795EF,87344.63999999997
1490,B046FCB7970A,63233.81400000001
1491,B046FCB797DF,68505.16100000004
1492,B046FCB7985E,39607.37900000003
1493,B046FCB798D8,132384.25300000006
1494,B046FCB79951,414.204
1495,B046FCB79AB3,27909.415
1496,B046FCB79BCC,790755.594
1497,B046FCB79C32,14696.531
1498,B046FCB79E0B,5808.155
1499,B046FCB79E98,22341.885
1500,B046FCB79EA1,24633.145
1501,B046FCB79EFD,148.136
1502,B046FCB79F3B,61428.46499999999
1503,B046FCB79FEA,146021.178
1504,B046FCB7A0A1,219371.838
1505,B046FCB7A112,103808.053
1506,B046FCB7A1F3,93495.24499999994
1507,B046FCB7A227,0.0
1508,B046FCB7A2BC,109857.59900000002
1509,B046FCB7A343,15487.205999999998
1510,B046FCB7A360,4371.169
1511,B046FCB7A3A6,51613.71800000001
1512,B046FCB7A479,0.0
1513,B046FCB7A52D,11636.051
1514,B046FCB7AD26,136383.00199999995
1515,B046FCB7ADAA,19560.94
1516,B046FCB7ADE8,122655.367
1517,B046FCB7ADEF,300702.3719999997
1518,B046FCB7AF61,107907.67200000002
1519,B046FCB7AFA0,6968.772
1520,B046FCB7B07A,201294.20900000003
1521,B046FCB7B522,35054.34300000001
1522,B046FCB7B6C7,74002.22200000001
1523,B046FCB7B8F6,74161.03800000003
1524,B046FCB7BA9C,281156.69700000004
1525,B046FCB7BAE1,143.02700000000002
1526,B046FCB7BB55,9918.813999999997
1527,B046FCB7BEF7,88556.80699999996
1528,B046FCB7C0D4,335353.072
1529,B046FCB7C3A3,172625.18899999998
1530,B046FCB7C3D3,33539.66899999998
1531,B046FCB7C4F0,675.3989999999999
1532,B046FCB7C695,38195.17200000003
1533,B046FCB7C69E,18031.206999999984
1534,B046FCB7C798,39976.77099999998
1535,B046FCB7C823,214106.536
1536,B046FCB7D345,422545.51100000006
1537,B046FCB7D347,559024.5129999997
1538,B046FCB7D5C7,28.090999999999998
1539,B046FCB7D62D,125922.17399999993
1540,B046FCB7D67D,109456.33399999994
1541,B046FCB7D6FE,32175.125000000004
1542,B046FCB7D706,23801.00700000001
1543,B046FCB7D71F,32912.24699999999
1544,B046FCB7D729,47287.567
1545,B046FCB7D7D2,101213.53499999996
1546,B046FCB7D926,19395.560000000016
1547,B046FCB7DA23,6892.603
1548,B046FCB7DAE1,124727.055
1549,B046FCB7DAEA,6830.753000000002
1550,B046FCB7DBC1,87270.094
1551,B046FCB7DC11,62886.54000000003
1552,B046FCB7DC29,9418.063
1553,B046FCB7DD87,215519.64799999987
1554,B046FCB7DE6A,110773.108
1555,B046FCB7DEB4,178209.84099999993
1556,B046FCB7DF42,2864.4370000000013
1557,B046FCB7E13E,35426.390000000014
1558,B046FCB7E270,341.129
1559,B046FCB7E287,232742.345
1560,B046FCB7E2B9,112391.51000000002
1561,B046FCB7E376,56126.18700000001
1562,B046FCB7E4F0,115680.38300000006
1563,B046FCB7E4F2,69460.55200000003
1564,B046FCB7E537,205220.80200000003
1565,B046FCB7E541,175730.18000000002
1566,B046FCB7E550,0.0
1567,B046FCB7E5DE,376086.65600000025
1568,B046FCB7E652,23794.92500000001
1569,B046FCB7E687,56965.21800000001
1570,B046FCB7E6A2,85160.73300000004
1571,B046FCB7E768,217400.21000000005
1572,B046FCB7E79E,63422.26699999997
1573,B046FCB7E79F,57953.158
1574,B046FCB7E8F2,12508.011
1575,B046FCB7E927,569.6430000000001
1576,B046FCB7E9F4,60265.96600000001
1577,B046FCB7F025,295121.3670000003
1578,B046FCB7F289,170903.59200000018
1579,B046FCB7F31F,414.16800000000006
1580,B046FCB7F42F,204868.02700000003
1581,B046FCB7F7B6,289492.8810000001
1582,B046FCB7F995,12828.341999999999
1583,B046FCB7FA5C,106007.98400000004
1584,B046FCB7FB9F,15210.293
1585,B046FCB7FBC7,219823.74600000007
1586,B046FCB7FE30,31023.63600000001
1587,B046FCB7FE59,53932.91899999997
1588,B046FCB7FF97,48150.22499999999
1589,B046FCB801FE,64853.37299999999
1590,B046FCB80511,16420.554999999997
1591,B046FCB8052B,7951.303999999999
1592,B046FCB8058E,0.0
1593,B046FCB805AD,14697.163
1594,B046FCB8067B,268.125
1595,B046FCB80701,30183.824
1596,B046FCB8074F,160887.6760000001
1597,B046FCB80781,14731.19
1598,B046FCB807DD,38689.05499999999
1599,B046FCB808FA,14850.973999999998
1600,B046FCB80913,162904.9180000001
1601,B046FCB809D3,25291.83000000001
1602,B046FCB80AAB,93544.68500000004
1603,B046FCB80AAC,2763.6209999999996
1604,B046FCB80AC2,23283.586
1605,B046FCB80D20,1193.7320000000002
1606,B046FCB80E3F,115848.72400000002
1607,B046FCB80F39,749256.4760000006
1608,B046FCB81033,59.54600000000001
1609,B046FCB8104B,18779.36
1610,B046FCB8105C,103230.50900000003
1611,B046FCB813FC,3573.5550000000007
1612,B046FCB81409,127634.09499999994
1613,B046FCB816F5,71616.68
1614,B046FCB81814,4621.1280000000015
1615,B046FCB81A12,24429.515
1616,B046FCB81B05,113845.49099999994
1617,B046FCB81C69,8297.037999999999
1618,B046FCB820AA,160546.77599999998
1619,B046FCB820B3,119485.37400000005
1620,B046FCB82297,71590.41699999997
1621,B046FCB839AD,5536.302000000002
1622,B046FCB839BE,33549.72999999998
1623,B046FCB839DA,67103.72100000003
1624,B046FCB839ED,9992.384
1625,B046FCB83C3E,20210.621999999992
1626,B046FCB83DF5,63859.22300000001
1627,B046FCB83EDF,24026.588
1628,B046FCB83EE1,14859.299000000005
1629,B046FCB83EF5,25624.503000000004
1630,B046FCB83F8F,225687.16000000024
1631,B046FCB840EC,8634.041999999996
1632,B046FCB840FD,1037.3010000000004
1633,B046FCB84191,15680.741000000007
1634,B046FCB843D7,3092.836
1635,B046FCB844E1,59406.119000000006
1636,B046FCB844E9,36804.063999999984
1637,B046FCB84541,307030.1929999997
1638,B046FCB845C7,3882.52
1639,B046FCB845F1,31966.389000000006
1640,B046FCB84727,644212.8740000001
1641,B046FCB84902,21650.30599999999
1642,B046FCB84907,2593.652
1643,B046FCB849B6,43207.99500000002
1644,B046FCB84B57,29244.178999999967
1645,B046FCB84C41,34568.492999999995
1646,B046FCB84CC8,20966.038000000008
1647,B046FCB84DCC,188727.99800000002
1648,B046FCB850C6,246182.72200000013
1649,B046FCB856DA,11675.278000000002
1650,B046FCB85708,459015.658
1651,B046FCB8586E,7558.809999999999
1652,B046FCB85880,3628.0519999999988
1653,B046FCB858A3,41425.07499999998
1654,B046FCB85A2D,2128.3510000000006
1655,B046FCB85B4C,676.9860000000001
1656,B046FCB85E0E,1777.8920000000005
1657,B046FCB85E51,6559.645
1658,B046FCB85F6F,468.66200000000015
1659,B046FCB86051,4814.25
1660,B046FCB88851,29628.166
1661,B046FCB889AF,52765.876
1662,B046FCB889C2,1580688.562
1663,B046FCB88A32,106490.77500000002
1664,B046FCB88ADE,8385.469000000001
1665,B046FCB88C02,626253.1980000001
1666,B046FCB88C0F,58038.09100000003
1667,B046FCB88C73,36582.33499999998
1668,B046FCB88D22,27431.370000000028
1669,B046FCB88E37,9211.098000000004
1670,B046FCB88E38,8477.899000000005
1671,B046FCB88E98,3648.362
1672,B046FCB8903F,902.933
1673,B046FCB898CE,211051.26399999985
1674,B046FCB89E56,12895.754999999996
1675,B046FCB89F45,50877.56599999997
1676,B046FCB8A229,56618.87499999997
1677,B046FCB8AA7A,13373.323999999993
1678,B046FCB92DD5,28544.033000000014
1679,B046FCB92EAB,649.3180000000002
1680,B046FCB93065,6823.908
1681,B046FCB9356A,5100.242999999996
1682,B046FCB93680,215409.63899999997
1683,B046FCB9381B,16051.866999999993
1684,B046FCB93C67,203.98
1685,B046FCB93C69,15958.632
1686,B046FCB93D9D,420.75000000000006
1687,B046FCB9464A,32705.756000000005
1688,B046FCB94766,7710.263000000001
1689,B046FCB94F76,99087.77699999996
1690,B046FCB95304,7523.874
1691,B046FCB97497,28903.169
1692,B046FCB9756A,110314.11299999998
